gene_label,type,functionality,inference_type,species_subgroup,subgroup_type,imgt,alt_names,notes,affirmation,sequence,sequence_gapped
IGLV-RQWY,IGLV,F,Rearranged,CAST/EiJ,strain,,Kos et al: IGLV5*01_CAST,Stop codon in V-REGION,1,TTACTCAGCCAAGCTCTGTGTCTACGTCTCTAGGAAGCACAGCCAAACTGCCTTGCAAGGCCAGCACTGGTAACATTGGAGACAGCTATGTGAACTGGTACCAGCAGTACATGGGAAGATCTCCCACTAATATAATCTATGGAGATGATCTCCGACCATCTGGAGTTTCTGATAGGTTCTCTGGCTCCATTGACAGCTCTTCCAACTCAGCCTTCCTGACAATCCAAAATGTGCAGGCTGATGAT,TTACTCAGCCAAGCTCTGTGTCTACGT...CTCTAGGAAGCACAGCCAAACTGCCTTGCAAGGCCAGCACTGGTAACATTGGAGACAGCT............ATGTGAACTGGTACCAGCAGTACATGGGAAGATCTCCCACTAATATAATCTATGGAGATGATCTCCGAC.....................CATCTGGAGTTTCTGATAGGTTCT...CTGGCTCCATTGACAGCTCTTCCAACTCAGCCTTCCTGACAATCCAAAATGTGCAGGCTGATGAT
IGLV-CMGQ,IGLV,F,Rearranged,CAST/EiJ,strain,,Kos et al: IGLV3*01_CAST,,1,CAACCTGTGCTCACTCAGTCATCTTCAGCCTCTTTCTCCCTGGGAGCCTCAGCAAAACTCACATGCACCTTGAGTAGTGAGCACAGTACGTACATCATTGAATGGTACCAGCAACAGCCACTCAAGCCTCCTAAGTATGTGATGCAGCTTAAGAAAGATGGAAGCCACAGCAAGGGTGATGGAATCCCTGATCGCTTCTCTGGATCCAGCTCTGGTGCTGACCGCTACCTTAGCATCTCCAACATCCAGCCTGAAGATGAAGCAATATACATCTGTGGTGTGAGTGGAACAATTAAGGAACAATTCGTGTAAC,CAACCTGTGCTCACTCAGTCATCTTCA...GCCTCTTTCTCCCTGGGAGCCTCAGCAAAACTCACATGCACCTTGAGTAGTGAGCACAGT...............ACGTACATCATTGAATGGTACCAGCAACAGCCACTCAAGCCTCCTAAGTATGTGATGCAGCTTAAGAAAGAT.........GGAAGCCACAGCAAGGGTGATGGAATCCCT...GATCGCTTCTCTGGATCCAGC......TCTGGTGCTGACCGCTACCTTAGCATCTCCAACATCCAGCCTGAAGATGAAGCAATATACATCTGTGGTGTGAGTGGAACAATTAAGGAACAATTCGTGTAAC
IGLV-C4ZJ,IGLV,F,Rearranged,CAST/EiJ,strain,,Kos et al: IGLV1*01_CAST_2,,1,CAGGCTGTTGTGACTCAGGAGTCTGTTCTCACCACATCACCTGGTGGTACAGTCATAATCACTTGTCGCTCAAGTACTGGGGCTGTTACAACTAGTAACTATGCCATTTGGGTCCAAGAAAAAGCAGATCATTTATTCGCTGGTGTAATAGGTGATACAAGCAACCGAGCTCCAGGTGTTCCTGCCAGATTCTCAGGCTCCTTGATTGGAGACAAGGCTGCCCTCACCATCACAGGGGCACAGACTGAGGATGAGGCAATATATTTCTGTGCTCTATGGTACAGCAACCATTTC,CAGGCTGTTGTGACTCAGGAGTCTGTT...CTCACCACATCACCTGGTGGTACAGTCATAATCACTTGTCGCTCAAGTACTGGGGCTGTTACA.........ACTAGTAACTATGCCATTTGGGTCCAAGAAAAAGCAGATCATTTATTCGCTGGTGTAATAGGTGATACA.....................AGCAACCGAGCTCCAGGTGTTCCT...GCCAGATTCTCAGGCTCCTTG......ATTGGAGACAAGGCTGCCCTCACCATCACAGGGGCACAGACTGAGGATGAGGCAATATATTTCTGTGCTCTATGGTACAGCAACCATTTC
IGLV-RRBE,IGLV,F,Rearranged,CAST/EiJ,strain,,Kos et al: IGLV1*01_CAST,,1,CAGGCTGTCGTGACTCAGGAATCTGCACTCACCACATCACCTGGTGAAACAGTCACACTCACTTGTCGCTCAAGTACTGGGGCTGTTACAACTAGTAACTATGCCAACTGGGTCCAAGAAAAAACAGACCATTTATTCACTGGTCTAATAGGTGGTACCAACAACCGAGCTCCAGGTGTTCCTGTCAGATTCTCAGGCTCCCTGATTGGAGACAAGGCTGCCCTCACCATCACAGGGGCACAGACTGAGGATGATGCAATGTATTTCTGTGCTCTATGGTACAGCAACCATTTC,CAGGCTGTCGTGACTCAGGAATCTGCA...CTCACCACATCACCTGGTGAAACAGTCACACTCACTTGTCGCTCAAGTACTGGGGCTGTTACA.........ACTAGTAACTATGCCAACTGGGTCCAAGAAAAAACAGACCATTTATTCACTGGTCTAATAGGTGGTACC.....................AACAACCGAGCTCCAGGTGTTCCT...GTCAGATTCTCAGGCTCCCTG......ATTGGAGACAAGGCTGCCCTCACCATCACAGGGGCACAGACTGAGGATGATGCAATGTATTTCTGTGCTCTATGGTACAGCAACCATTTC
IGLV-EYCQ,IGLV,F,Rearranged,CAST/EiJ,strain,,Kos et al: IGLV6*01_CAST,Stop codon in V-REGION,1,TTACTCAGCCAAGCTCTGTGTCTACATCTCTAGGAAGCACAGTCAAACTGCCTTGCAAGCGCAGCACTGATAATATTGGAAGCTACTATGTGCATTGGTACCAGCAACATATGGGAAGATCTCCTACCAATATGATCCATAGTGATGATCAGCGACCATCTGGAGTTTCTGATAGGTTCTCTGGCTCCATTGACAGCTCTTCCAACTCAGCCTTCCTGACAATCAATAATGTTCAGGCTGAGGAT,TTACTCAGCCAAGCTCTGTGTCTACAT...CTCTAGGAAGCACAGTCAAACTGCCTTGCAAGCGCAGCACTGATAATATTGGAAGCTACT............ATGTGCATTGGTACCAGCAACATATGGGAAGATCTCCTACCAATATGATCCATAGTGATGATCAGCGAC.....................CATCTGGAGTTTCTGATAGGTTCT...CTGGCTCCATTGACAGCTCTTCCAACTCAGCCTTCCTGACAATCAATAATGTTCAGGCTGAGGAT
IGLV-JK7T,IGLV,F,Rearranged,CAST/EiJ,strain,,Kos et al: IGLV2*02_CAST,,1,CAGGCTGTTGTGACTCAGGAATCTGCACTCACCACATCACCTGGTGGAACAGTCATACTCACTTGTCGCTCAAGTACTGGGGCTGTTACAACTAGTAACTATGCCAACTGGGTCCAAGAAAAACCAGATCATTTATTCACTGGTCTAATAGGTGGTACCAGCAACCGAGCTCCAGGTGTTCCAGTCAGATTCTCAGGCTCCCTGATTGGAGACAAGGCTGCCCTCACCATCACAGGGGCACAGACTGAGGATGATGCAATGTATTTCTGTGCTCTATGGTACAGCACCCATTTC,CAGGCTGTTGTGACTCAGGAATCTGCA...CTCACCACATCACCTGGTGGAACAGTCATACTCACTTGTCGCTCAAGTACTGGGGCTGTTACA.........ACTAGTAACTATGCCAACTGGGTCCAAGAAAAACCAGATCATTTATTCACTGGTCTAATAGGTGGTACC.....................AGCAACCGAGCTCCAGGTGTTCCA...GTCAGATTCTCAGGCTCCCTG......ATTGGAGACAAGGCTGCCCTCACCATCACAGGGGCACAGACTGAGGATGATGCAATGTATTTCTGTGCTCTATGGTACAGCACCCATTTC
IGLV-ZQBR,IGLV,F,Rearranged,CAST/EiJ,strain,Musmus IGLV4*01 [F],Kos et al: IGLV4*01_CAST,Stop codon in V-REGION,1,TTACTCAGCCAAGCTCTGTGTCTACGTCTCTAGGAAGCACAGTCAAACTGTCTTGCAAGCGCAGCACTGGTAACATTGGAAACAACTATGTGCACTGGTACCAGCAGTACATGGGAAGATCTCCCACCAATATGATCTATGATGATAATAAGCGACCATCTGGAGTTTCTGATAGGTTCTCTGGCTCCATTGACAGCTCTTCCAACTCAGCCTTCCTGACAATCAATAATGTGCAGGCTGAGGAT,TTACTCAGCCAAGCTCTGTGTCTACGT...CTCTAGGAAGCACAGTCAAACTGTCTTGCAAGCGCAGCACTGGTAACATTGGAAACAACT............ATGTGCACTGGTACCAGCAGTACATGGGAAGATCTCCCACCAATATGATCTATGATGATAATAAGCGAC.....................CATCTGGAGTTTCTGATAGGTTCT...CTGGCTCCATTGACAGCTCTTCCAACTCAGCCTTCCTGACAATCAATAATGTGCAGGCTGAGGAT
IGLV-JEYS,IGLV,F,Rearranged,CAST/EiJ,strain,Musmus IGLV8*01 [F],Kos et al: IGLV8*01_CAST,Stop codon in V-REGION,1,TTACTCAGCCAAGCTCTGTGTCTACGTCTCTAGGAAGCACAGTCAAACTGCCTTGCAAGCGCAGCACTGGTAACATTGGAAACGACTATGTGCACTGGTACCAGCAACACATGGGAAGATCTCCCACCAATATGATCTATAGAGATGATCAGCGACCATCTGGAGTTTCTGATAGGTTCTCTGGCTCCATTGACAGCTCTTCCAACTCAGCCTTCCTGACAATCAATAATGTGCAGGCTGAGGAT,TTACTCAGCCAAGCTCTGTGTCTACGT...CTCTAGGAAGCACAGTCAAACTGCCTTGCAAGCGCAGCACTGGTAACATTGGAAACGACT............ATGTGCACTGGTACCAGCAACACATGGGAAGATCTCCCACCAATATGATCTATAGAGATGATCAGCGAC.....................CATCTGGAGTTTCTGATAGGTTCT...CTGGCTCCATTGACAGCTCTTCCAACTCAGCCTTCCTGACAATCAATAATGTGCAGGCTGAGGAT
IGLV-DUHW,IGLV,F,Rearranged,CAST/EiJ,strain,Musmus IGLV7*01 [F],Kos et al: IGLV7*01_CAST,Stop codon in V-REGION,1,TTACTCAGCCAAGCTCTGTGTCTACGTCTCTAGGAAGCACAGTCAAACTGTCTTGCAAGCCCAGCACTGGTAAAATTGGAAATTACTTTATGAGCTGGTACCAGCAACACATGGGAAGATCTCCCACAAATATGATCTATAGAGATGATCTCCGACCATCTGGAGTTTCTGATAGGTTCTCTGGCTCCATTGACAGCTCTTCCAACTCAGCCTTCCTGACAATCAATAATGTGCAGGCTGAGGAT,TTACTCAGCCAAGCTCTGTGTCTACGT...CTCTAGGAAGCACAGTCAAACTGTCTTGCAAGCCCAGCACTGGTAAAATTGGAAATTACT............TTATGAGCTGGTACCAGCAACACATGGGAAGATCTCCCACAAATATGATCTATAGAGATGATCTCCGAC.....................CATCTGGAGTTTCTGATAGGTTCT...CTGGCTCCATTGACAGCTCTTCCAACTCAGCCTTCCTGACAATCAATAATGTGCAGGCTGAGGAT
IGLV-37NY,IGLV,F,Rearranged,MSM/MsJ,strain,,Kos et al: IGLV5*01_MSM,Stop codon in V-REGION,1,TTACTCAGCCAAGCTCTGTGTCTACGTCTCTAGGAAGCACAGCCAAACTGCCTTGCAAGGCCAGCACTGGTAACATTGGAGACAGCTATGTGAACTGGTACCAGCAGTACATGGGAAGATCTCCCACTAATATGATCTATGGAGATGATCTCCGACCATCTGGAGTTTCTGATAGGTTCTCTGGCTCCATTCACAGCTCTTCCAACTCAGCCTTCCTGACAATCCAAAATGTGCAGGCTGATGAT,TTACTCAGCCAAGCTCTGTGTCTACGT...CTCTAGGAAGCACAGCCAAACTGCCTTGCAAGGCCAGCACTGGTAACATTGGAGACAGCT............ATGTGAACTGGTACCAGCAGTACATGGGAAGATCTCCCACTAATATGATCTATGGAGATGATCTCCGAC.....................CATCTGGAGTTTCTGATAGGTTCT...CTGGCTCCATTCACAGCTCTTCCAACTCAGCCTTCCTGACAATCCAAAATGTGCAGGCTGATGAT
IGLV-COOR,IGLV,F,Rearranged,MSM/MsJ,strain,,Kos et al: IGLV6*03_MSM,Stop codon in V-REGION,1,TTACTCAGCCAAGCTCTGTGTCTACATCTCTAGGAAGCACAGTCAAACTGCCTTGCAAGCGCAGCACTGGAAATATTGGAAGCTACTATGTGCATTGGTACCAGCAACATATGGGAAGATCTCCCACCAATATGATCCATAGTGATGATCAGCGACCATCTGGAGTTTCTGATAGGTTCTCTGGCTCCATTGACAGCTCTTCCAACTCAGCCTTCCTGACAATCAATAATGTTCAGGCTGAGGAT,TTACTCAGCCAAGCTCTGTGTCTACAT...CTCTAGGAAGCACAGTCAAACTGCCTTGCAAGCGCAGCACTGGAAATATTGGAAGCTACT............ATGTGCATTGGTACCAGCAACATATGGGAAGATCTCCCACCAATATGATCCATAGTGATGATCAGCGAC.....................CATCTGGAGTTTCTGATAGGTTCT...CTGGCTCCATTGACAGCTCTTCCAACTCAGCCTTCCTGACAATCAATAATGTTCAGGCTGAGGAT
IGLV-YMD5,IGLV,F,Rearranged,MSM/MsJ,strain,,Kos et al: IGLV3*01_MSM,,1,CAACTTGTGCTCACTCAGTCATCTTCAGCCTCTTTCTCCCTGGGAGCCTCAGCAAAACTCACGTGCACCTTGAGTAGTCAGCACAGTACGTACACCATTGAATGGTATCAGCAACAGCCACTCAAGCCTCCTAAGTATGTGATGGAGCTTAAGAAAGATGGAAGCCACAGCACAGGTGATGGGATCCCTGATCGCTTCTCTGGATCCAGCTCTGGTGCTGATCGCTACCTTAGCATTTCCAACATCCAGCCTGAAGATGAAGCAATATACATCTGTGGTGTGGGTGATACAATTAAGGAACAATTTGTGTAAC,CAACTTGTGCTCACTCAGTCATCTTCA...GCCTCTTTCTCCCTGGGAGCCTCAGCAAAACTCACGTGCACCTTGAGTAGTCAGCACAGT...............ACGTACACCATTGAATGGTATCAGCAACAGCCACTCAAGCCTCCTAAGTATGTGATGGAGCTTAAGAAAGAT.........GGAAGCCACAGCACAGGTGATGGGATCCCT...GATCGCTTCTCTGGATCCAGC......TCTGGTGCTGATCGCTACCTTAGCATTTCCAACATCCAGCCTGAAGATGAAGCAATATACATCTGTGGTGTGGGTGATACAATTAAGGAACAATTTGTGTAAC
IGLV-ZKBR,IGLV,F,Rearranged,MSM/MsJ,strain,Musmus IGLV2*02 F,Kos et al: IGLV2*02_MSM,,1,CAGGCTGTTGTGACTCAGGAATCTGCACTCACCACATCACCTGGTGGAACAGTCATACTCACTTGTCGCTCAAGTACTGGGGCTGTTACAACTAGTAACTATGCCAACTGGGTCCAAGAAAAACCAGATCATTTATTCACTGGTCTAATAGGTGGTACCAGCAACCGAGCTCCAGGTGTTCCTGTCAGATTCTCAGGCTCCCTGATTGGAGACAAGGCTGCCCTCACCATCACAGGGGCACAGACTGAGGATGATGCAATGTATTTCTGTGCTCTATGGTACAGCACCCATTTC,CAGGCTGTTGTGACTCAGGAATCTGCA...CTCACCACATCACCTGGTGGAACAGTCATACTCACTTGTCGCTCAAGTACTGGGGCTGTTACA.........ACTAGTAACTATGCCAACTGGGTCCAAGAAAAACCAGATCATTTATTCACTGGTCTAATAGGTGGTACC.....................AGCAACCGAGCTCCAGGTGTTCCT...GTCAGATTCTCAGGCTCCCTG......ATTGGAGACAAGGCTGCCCTCACCATCACAGGGGCACAGACTGAGGATGATGCAATGTATTTCTGTGCTCTATGGTACAGCACCCATTTC
IGLV-E6HF,IGLV,F,Rearranged,MSM/MsJ,strain,Musmus IGLV1*01 F,Kos et al: IGLV1*01_MSM,,1,CAGGCTGTTGTGACTCAGGAATCTGCACTCACCACATCACCTGGTGAAACAGTCACACTCACTTGTCGCTCAAGTACTGGGGCTGTTACAACTAGTAACTATGCCAACTGGGTCCAAGAAAAACCAGATCATTTATTCACTGGTCTAATAGGTGGTACCAACAACCGAGCTCCAGGTGTTCCTGCCAGATTCTCAGGCTCCCTGATTGGAGACAAGGCTGCCCTCACCATCACAGGGGCACAGACTGAGGATGAGGCAATATATTTCTGTGCTCTATGGTACAGCAACCATTTC,CAGGCTGTTGTGACTCAGGAATCTGCA...CTCACCACATCACCTGGTGAAACAGTCACACTCACTTGTCGCTCAAGTACTGGGGCTGTTACA.........ACTAGTAACTATGCCAACTGGGTCCAAGAAAAACCAGATCATTTATTCACTGGTCTAATAGGTGGTACC.....................AACAACCGAGCTCCAGGTGTTCCT...GCCAGATTCTCAGGCTCCCTG......ATTGGAGACAAGGCTGCCCTCACCATCACAGGGGCACAGACTGAGGATGAGGCAATATATTTCTGTGCTCTATGGTACAGCAACCATTTC
IGLV-EA6M,IGLV,F,Rearranged,PWD/PhJ,strain,,Kos et al: IGLV3*01_PWD,,1,CAACCTGTGCTCACTCAGTCATCTTCAGCCTCTTTCTCCCTGGGAGCCTCAGCAAAACTCACATGCACCTTGAGTAGTGAGCACAGTACGTACATCATTGAATGGTACCAGCAACAGCCACTCAAGCCTCCTAAGTATGTGATGCAGCTTAAGAAAGATGGAAGCCACAGCAAGGGTGATGGAATCCCTGATCGCTTCTCTGGATCCAGCTCTGGTGCTGACCGCTACCTTAACATCTCCAACATCCAGCCTGAAGATGAAGCAATATACATCTGTGGTGTGAGTGGAACAATTAAGGAACAATTCGTGTAAC,CAACCTGTGCTCACTCAGTCATCTTCA...GCCTCTTTCTCCCTGGGAGCCTCAGCAAAACTCACATGCACCTTGAGTAGTGAGCACAGT...............ACGTACATCATTGAATGGTACCAGCAACAGCCACTCAAGCCTCCTAAGTATGTGATGCAGCTTAAGAAAGAT.........GGAAGCCACAGCAAGGGTGATGGAATCCCT...GATCGCTTCTCTGGATCCAGC......TCTGGTGCTGACCGCTACCTTAACATCTCCAACATCCAGCCTGAAGATGAAGCAATATACATCTGTGGTGTGAGTGGAACAATTAAGGAACAATTCGTGTAAC
IGLV-PQZL,IGLV,F,Rearranged,PWD/PhJ,strain,,Kos et al: IGLV2*02_PWD,,1,CAGGCTGTTGTGACTCAGGAATCTGCACTCACCACATCACCTGGTGGAACAGTCATACTCACTTGTCGCTCAAGTACTGGGGCTGTTACAACTAGTAACTATGCCAACTGGGTCCAAGAAAAACCAGATCATTTATTCACTGGTCTAATAGGTGGTACCAGCAACCGAGCTCCAGGTGTTCCAGTCAGATTCTCAGGCTCCCTGATTGGAGACAAGGCTGCCCTCACCATCACAGGGGCACAGACTGAGGATGATGCAATGTATTTCTGTGCTCTATGGTACAGCACCCATTTC,CAGGCTGTTGTGACTCAGGAATCTGCA...CTCACCACATCACCTGGTGGAACAGTCATACTCACTTGTCGCTCAAGTACTGGGGCTGTTACA.........ACTAGTAACTATGCCAACTGGGTCCAAGAAAAACCAGATCATTTATTCACTGGTCTAATAGGTGGTACC.....................AGCAACCGAGCTCCAGGTGTTCCA...GTCAGATTCTCAGGCTCCCTG......ATTGGAGACAAGGCTGCCCTCACCATCACAGGGGCACAGACTGAGGATGATGCAATGTATTTCTGTGCTCTATGGTACAGCACCCATTTC
IGLV-NMRZ,IGLV,F,Rearranged,PWD/PhJ,strain,Musmus IGLV1*01 F,Kos et al: IGLV1*01_PWD,,1,CAGGCTGTTGTGACTCAGGAATCTGCACTCACCACATCACCTGGTGAAACAGTCACACTCACTTGTCGCTCAAGTACTGGGGCTGTTACAACTAGTAACTATGCCAACTGGGTCCAAGAAAAACCAGATCATTTATTCACTGGTCTAATAGGTGGTACCAACAACCGAGCTCCAGGTGTTCCTGCCAGATTCTCAGGCTCCCTGATTGGAGACAAGGCTGCCCTCACCATCACAGGGGCACAGACTGAGGATGAGGCAATATATTTCTGTGCTCTATGGTACAGCAACCATTTC,CAGGCTGTTGTGACTCAGGAATCTGCA...CTCACCACATCACCTGGTGAAACAGTCACACTCACTTGTCGCTCAAGTACTGGGGCTGTTACA.........ACTAGTAACTATGCCAACTGGGTCCAAGAAAAACCAGATCATTTATTCACTGGTCTAATAGGTGGTACC.....................AACAACCGAGCTCCAGGTGTTCCT...GCCAGATTCTCAGGCTCCCTG......ATTGGAGACAAGGCTGCCCTCACCATCACAGGGGCACAGACTGAGGATGAGGCAATATATTTCTGTGCTCTATGGTACAGCAACCATTTC
IGLV-63CY,IGLV,F,Rearranged,LEWES/EiJ,strain,,Kos et al: IGLV3*01_LEWES,,1,CAACCTGTGCTCACTCAGTCATCTTCAGCCTCTTTCTCCCTGGGAGCCTCAGCAAAACTCACATGCACCTTGAGTAGTGAGCACAGTACGTACTTCATTGAATGGTACCAGCAACAGCCACTCAAGCCTCCTAAGTATGTGATGCAGCTTAAGAAAGATGGAAGCCACAGCAAGGGTGATGGGATCCCTGATCGCTTCTCTGGATCCAGCTCTGGTGCTGATCGCTACCTTAGCATCTCCAACATCCAGCCTGAAGATGAAGCAATATACATCTGTGGTGTGGGTGAAACAATTAAGGAACGATACGTGTAAC,CAACCTGTGCTCACTCAGTCATCTTCA...GCCTCTTTCTCCCTGGGAGCCTCAGCAAAACTCACATGCACCTTGAGTAGTGAGCACAGT...............ACGTACTTCATTGAATGGTACCAGCAACAGCCACTCAAGCCTCCTAAGTATGTGATGCAGCTTAAGAAAGAT.........GGAAGCCACAGCAAGGGTGATGGGATCCCT...GATCGCTTCTCTGGATCCAGC......TCTGGTGCTGATCGCTACCTTAGCATCTCCAACATCCAGCCTGAAGATGAAGCAATATACATCTGTGGTGTGGGTGAAACAATTAAGGAACGATACGTGTAAC
IGLV-NR57,IGLV,F,Rearranged,LEWES/EiJ,strain,,Kos et al: IGLV1*01_LEWES_2,,1,CAGGCTGTTGTGACTCAGGAGTCTGTACTCACCACATCACCTGGTGGTACAGTCATAATCACTTGTCGCTCAAGTACTGGGGCTGTTACAACTAGTAACTATGCCATTTGGGTCCAAGAAAAAGCAGATCATTTATTCGCTGGTGTAATAGGTGATACAAGCAACCGAGCTCCAGGTGTTCCTGCCAGATTCTCAGGCTCCTTGATTGGAGACAAGGCTGCCCTCACCATCACAGGGGCACAGACTGAGGATGAGGCAATATATTTCTGTGCTCTATGGTACAGCAACCATTTC,CAGGCTGTTGTGACTCAGGAGTCTGTA...CTCACCACATCACCTGGTGGTACAGTCATAATCACTTGTCGCTCAAGTACTGGGGCTGTTACA.........ACTAGTAACTATGCCATTTGGGTCCAAGAAAAAGCAGATCATTTATTCGCTGGTGTAATAGGTGATACA.....................AGCAACCGAGCTCCAGGTGTTCCT...GCCAGATTCTCAGGCTCCTTG......ATTGGAGACAAGGCTGCCCTCACCATCACAGGGGCACAGACTGAGGATGAGGCAATATATTTCTGTGCTCTATGGTACAGCAACCATTTC
IGLV-G5I2,IGLV,F,Rearranged,LEWES/EiJ,strain,,Kos et al: IGLV1*01_LEWES,,1,CAGGCTGTTGTGACTCAGGAATCTGCACTCACCACATCACCTGGTGAAACAGTCACACTCACTTGTCGCTCAAGTACTGGGGCTGTTACAACTAGTAACTATGCCAACTGGGTCCAAGAAAAACCAGATCATTTATTCACTGGTCTAATAGGTGGTACCAACAACCGAGCTCCAGGTGTTCCTGCCAGATTCTCAGGCTCCCTGATTGGAGACAAGGCTGCCCTCACCATCACAGGGGCACAGACTGAGGATGAAGCAATATATTTCTGTGCTCTATGGTACAGCAACCATTTC,CAGGCTGTTGTGACTCAGGAATCTGCA...CTCACCACATCACCTGGTGAAACAGTCACACTCACTTGTCGCTCAAGTACTGGGGCTGTTACA.........ACTAGTAACTATGCCAACTGGGTCCAAGAAAAACCAGATCATTTATTCACTGGTCTAATAGGTGGTACC.....................AACAACCGAGCTCCAGGTGTTCCT...GCCAGATTCTCAGGCTCCCTG......ATTGGAGACAAGGCTGCCCTCACCATCACAGGGGCACAGACTGAGGATGAAGCAATATATTTCTGTGCTCTATGGTACAGCAACCATTTC
IGLV-Y6BU,IGLV,F,Rearranged,LEWES/EiJ,strain,Musmus IGLV2*02 F,Kos et al: IGLV2*02_LEWES,,1,CAGGCTGTTGTGACTCAGGAATCTGCACTCACCACATCACCTGGTGGAACAGTCATACTCACTTGTCGCTCAAGTACTGGGGCTGTTACAACTAGTAACTATGCCAACTGGGTCCAAGAAAAACCAGATCATTTATTCACTGGTCTAATAGGTGGTACCAGCAACCGAGCTCCAGGTGTTCCTGTCAGATTCTCAGGCTCCCTGATTGGAGACAAGGCTGCCCTCACCATCACAGGGGCACAGACTGAGGATGATGCAATGTATTTCTGTGCTCTATGGTACAGCACCCATTTC,CAGGCTGTTGTGACTCAGGAATCTGCA...CTCACCACATCACCTGGTGGAACAGTCATACTCACTTGTCGCTCAAGTACTGGGGCTGTTACA.........ACTAGTAACTATGCCAACTGGGTCCAAGAAAAACCAGATCATTTATTCACTGGTCTAATAGGTGGTACC.....................AGCAACCGAGCTCCAGGTGTTCCT...GTCAGATTCTCAGGCTCCCTG......ATTGGAGACAAGGCTGCCCTCACCATCACAGGGGCACAGACTGAGGATGATGCAATGTATTTCTGTGCTCTATGGTACAGCACCCATTTC
IGLV-QUBY,IGLV,F,Rearranged,CBA/J,strain,Musmus IGLV3*01 F,Kos et al: IGLV3*01_CBA,,1,CAACTTGTGCTCACTCAGTCATCTTCAGCCTCTTTCTCCCTGGGAGCCTCAGCAAAACTCACGTGCACCTTGAGTAGTCAGCACAGTACGTACACCATTGAATGGTATCAGCAACAGCCACTCAAGCCTCCTAAGTATGTGATGGAGCTTAAGAAAGATGGAAGCCACAGCACAGGTGATGGGATTCCTGATCGCTTCTCTGGATCCAGCTCTGGTGCTGATCGCTACCTTAGCATTTCCAACATCCAGCCTGAAGATGAAGCAATATACATCTGTGGTGTGGGTGATACAATTAAGGAACAATTTGTGTAAC,CAACTTGTGCTCACTCAGTCATCTTCA...GCCTCTTTCTCCCTGGGAGCCTCAGCAAAACTCACGTGCACCTTGAGTAGTCAGCACAGT...............ACGTACACCATTGAATGGTATCAGCAACAGCCACTCAAGCCTCCTAAGTATGTGATGGAGCTTAAGAAAGAT.........GGAAGCCACAGCACAGGTGATGGGATTCCT...GATCGCTTCTCTGGATCCAGC......TCTGGTGCTGATCGCTACCTTAGCATTTCCAACATCCAGCCTGAAGATGAAGCAATATACATCTGTGGTGTGGGTGATACAATTAAGGAACAATTTGTGTAAC
IGLV-IZ3B,IGLV,F,Rearranged,CBA/J,strain,Musmus IGLV1*01 F,Kos et al: IGLV1*01_CBA,,1,CAGGCTGTTGTGACTCAGGAATCTGCACTCACCACATCACCTGGTGAAACAGTCACACTCACTTGTCGCTCAAGTACTGGGGCTGTTACAACTAGTAACTATGCCAACTGGGTCCAAGAAAAACCAGATCATTTATTCACTGGTCTAATAGGTGGTACCAACAACCGAGCTCCAGGTGTTCCTGCCAGATTCTCAGGCTCCCTGATTGGAGACAAGGCTGCCCTCACCATCACAGGGGCACAGACTGAGGATGAGGCAATATATTTCTGTGCTCTATGGTACAGCAACCATTTC,CAGGCTGTTGTGACTCAGGAATCTGCA...CTCACCACATCACCTGGTGAAACAGTCACACTCACTTGTCGCTCAAGTACTGGGGCTGTTACA.........ACTAGTAACTATGCCAACTGGGTCCAAGAAAAACCAGATCATTTATTCACTGGTCTAATAGGTGGTACC.....................AACAACCGAGCTCCAGGTGTTCCT...GCCAGATTCTCAGGCTCCCTG......ATTGGAGACAAGGCTGCCCTCACCATCACAGGGGCACAGACTGAGGATGAGGCAATATATTTCTGTGCTCTATGGTACAGCAACCATTTC
IGLV-4XU2,IGLV,F,Rearranged,CBA/J,strain,Musmus IGLV2*02 F,Kos et al: IGLV2*02_CBA,,1,CAGGCTGTTGTGACTCAGGAATCTGCACTCACCACATCACCTGGTGGAACAGTCATACTCACTTGTCGCTCAAGTACTGGGGCTGTTACAACTAGTAACTATGCCAACTGGGTCCAAGAAAAACCAGATCATTTATTCACTGGTCTAATAGGTGGTACCAGCAACCGAGCTCCAGGTGTTCCTGTCAGATTCTCAGGCTCCCTGATTGGAGACAAGGCTGCCCTCACCATCACAGGGGCACAGACTGAGGATGATGCAATGTATTTCTGTGCTCTATGGTACAGCACCCATTTC,CAGGCTGTTGTGACTCAGGAATCTGCA...CTCACCACATCACCTGGTGGAACAGTCATACTCACTTGTCGCTCAAGTACTGGGGCTGTTACA.........ACTAGTAACTATGCCAACTGGGTCCAAGAAAAACCAGATCATTTATTCACTGGTCTAATAGGTGGTACC.....................AGCAACCGAGCTCCAGGTGTTCCT...GTCAGATTCTCAGGCTCCCTG......ATTGGAGACAAGGCTGCCCTCACCATCACAGGGGCACAGACTGAGGATGATGCAATGTATTTCTGTGCTCTATGGTACAGCACCCATTTC
IGLV-T3Q4,IGLV,F,Rearranged,MRL/MpJ,strain,Musmus IGLV3*01 F,Kos et al: IGLV3*01_MRL,,1,CAACTTGTGCTCACTCAGTCATCTTCAGCCTCTTTCTCCCTGGGAGCCTCAGCAAAACTCACGTGCACCTTGAGTAGTCAGCACAGTACGTACACCATTGAATGGTATCAGCAACAGCCACTCAAGCCTCCTAAGTATGTGATGGAGCTTAAGAAAGATGGAAGCCACAGCACAGGTGATGGGATTCCTGATCGCTTCTCTGGATCCAGCTCTGGTGCTGATCGCTACCTTAGCATTTCCAACATCCAGCCTGAAGATGAAGCAATATACATCTGTGGTGTGGGTGATACAATTAAGGAACAATTTGTGTAAC,CAACTTGTGCTCACTCAGTCATCTTCA...GCCTCTTTCTCCCTGGGAGCCTCAGCAAAACTCACGTGCACCTTGAGTAGTCAGCACAGT...............ACGTACACCATTGAATGGTATCAGCAACAGCCACTCAAGCCTCCTAAGTATGTGATGGAGCTTAAGAAAGAT.........GGAAGCCACAGCACAGGTGATGGGATTCCT...GATCGCTTCTCTGGATCCAGC......TCTGGTGCTGATCGCTACCTTAGCATTTCCAACATCCAGCCTGAAGATGAAGCAATATACATCTGTGGTGTGGGTGATACAATTAAGGAACAATTTGTGTAAC
IGLV-DM5K,IGLV,F,Rearranged,MRL/MpJ,strain,Musmus IGLV1*01 F,Kos et al: IGLV1*01_MRL,,1,CAGGCTGTTGTGACTCAGGAATCTGCACTCACCACATCACCTGGTGAAACAGTCACACTCACTTGTCGCTCAAGTACTGGGGCTGTTACAACTAGTAACTATGCCAACTGGGTCCAAGAAAAACCAGATCATTTATTCACTGGTCTAATAGGTGGTACCAACAACCGAGCTCCAGGTGTTCCTGCCAGATTCTCAGGCTCCCTGATTGGAGACAAGGCTGCCCTCACCATCACAGGGGCACAGACTGAGGATGAGGCAATATATTTCTGTGCTCTATGGTACAGCAACCATTTC,CAGGCTGTTGTGACTCAGGAATCTGCA...CTCACCACATCACCTGGTGAAACAGTCACACTCACTTGTCGCTCAAGTACTGGGGCTGTTACA.........ACTAGTAACTATGCCAACTGGGTCCAAGAAAAACCAGATCATTTATTCACTGGTCTAATAGGTGGTACC.....................AACAACCGAGCTCCAGGTGTTCCT...GCCAGATTCTCAGGCTCCCTG......ATTGGAGACAAGGCTGCCCTCACCATCACAGGGGCACAGACTGAGGATGAGGCAATATATTTCTGTGCTCTATGGTACAGCAACCATTTC
IGLV-CXWW,IGLV,F,Rearranged,MRL/MpJ,strain,Musmus IGLV2*02 F,Kos et al: IGLV2*02_MRL,,1,CAGGCTGTTGTGACTCAGGAATCTGCACTCACCACATCACCTGGTGGAACAGTCATACTCACTTGTCGCTCAAGTACTGGGGCTGTTACAACTAGTAACTATGCCAACTGGGTCCAAGAAAAACCAGATCATTTATTCACTGGTCTAATAGGTGGTACCAGCAACCGAGCTCCAGGTGTTCCTGTCAGATTCTCAGGCTCCCTGATTGGAGACAAGGCTGCCCTCACCATCACAGGGGCACAGACTGAGGATGATGCAATGTATTTCTGTGCTCTATGGTACAGCACCCATTTC,CAGGCTGTTGTGACTCAGGAATCTGCA...CTCACCACATCACCTGGTGGAACAGTCATACTCACTTGTCGCTCAAGTACTGGGGCTGTTACA.........ACTAGTAACTATGCCAACTGGGTCCAAGAAAAACCAGATCATTTATTCACTGGTCTAATAGGTGGTACC.....................AGCAACCGAGCTCCAGGTGTTCCT...GTCAGATTCTCAGGCTCCCTG......ATTGGAGACAAGGCTGCCCTCACCATCACAGGGGCACAGACTGAGGATGATGCAATGTATTTCTGTGCTCTATGGTACAGCACCCATTTC
IGLV-PYYI,IGLV,F,Rearranged,SJL/J,strain,Musmus IGLV2*02 F,Kos et al: IGLV2*02_SJL,,1,CAGGCTGTTGTGACTCAGGAATCTGCACTCACCACATCACCTGGTGGAACAGTCATACTCACTTGTCGCTCAAGTACTGGGGCTGTTACAACTAGTAACTATGCCAACTGGGTCCAAGAAAAACCAGATCATTTATTCACTGGTCTAATAGGTGGTACCAGCAACCGAGCTCCAGGTGTTCCTGTCAGATTCTCAGGCTCCCTGATTGGAGACAAGGCTGCCCTCACCATCACAGGGGCACAGACTGAGGATGATGCAATGTATTTCTGTGCTCTATGGTACAGCACCCATTTC,CAGGCTGTTGTGACTCAGGAATCTGCA...CTCACCACATCACCTGGTGGAACAGTCATACTCACTTGTCGCTCAAGTACTGGGGCTGTTACA.........ACTAGTAACTATGCCAACTGGGTCCAAGAAAAACCAGATCATTTATTCACTGGTCTAATAGGTGGTACC.....................AGCAACCGAGCTCCAGGTGTTCCT...GTCAGATTCTCAGGCTCCCTG......ATTGGAGACAAGGCTGCCCTCACCATCACAGGGGCACAGACTGAGGATGATGCAATGTATTTCTGTGCTCTATGGTACAGCACCCATTTC
IGLV-ULQC,IGLV,F,Rearranged,SJL/J,strain,Musmus IGLV1*01 F,Kos et al: IGLV1*01_SJL,,1,CAGGCTGTTGTGACTCAGGAATCTGCACTCACCACATCACCTGGTGAAACAGTCACACTCACTTGTCGCTCAAGTACTGGGGCTGTTACAACTAGTAACTATGCCAACTGGGTCCAAGAAAAACCAGATCATTTATTCACTGGTCTAATAGGTGGTACCAACAACCGAGCTCCAGGTGTTCCTGCCAGATTCTCAGGCTCCCTGATTGGAGACAAGGCTGCCCTCACCATCACAGGGGCACAGACTGAGGATGAGGCAATATATTTCTGTGCTCTATGGTACAGCAACCATTTC,CAGGCTGTTGTGACTCAGGAATCTGCA...CTCACCACATCACCTGGTGAAACAGTCACACTCACTTGTCGCTCAAGTACTGGGGCTGTTACA.........ACTAGTAACTATGCCAACTGGGTCCAAGAAAAACCAGATCATTTATTCACTGGTCTAATAGGTGGTACC.....................AACAACCGAGCTCCAGGTGTTCCT...GCCAGATTCTCAGGCTCCCTG......ATTGGAGACAAGGCTGCCCTCACCATCACAGGGGCACAGACTGAGGATGAGGCAATATATTTCTGTGCTCTATGGTACAGCAACCATTTC
IGLV-BRML,IGLV,F,Rearranged,SJL/J,strain,Musmus IGLV3*01 F,Kos et al: IGLV3*01_SJL,,1,CAACTTGTGCTCACTCAGTCATCTTCAGCCTCTTTCTCCCTGGGAGCCTCAGCAAAACTCACGTGCACCTTGAGTAGTCAGCACAGTACGTACACCATTGAATGGTATCAGCAACAGCCACTCAAGCCTCCTAAGTATGTGATGGAGCTTAAGAAAGATGGAAGCCACAGCACAGGTGATGGGATTCCTGATCGCTTCTCTGGATCCAGCTCTGGTGCTGATCGCTACCTTAGCATTTCCAACATCCAGCCTGAAGATGAAGCAATATACATCTGTGGTGTGGGTGATACAATTAAGGAACAATTTGTGTAAC,CAACTTGTGCTCACTCAGTCATCTTCA...GCCTCTTTCTCCCTGGGAGCCTCAGCAAAACTCACGTGCACCTTGAGTAGTCAGCACAGT...............ACGTACACCATTGAATGGTATCAGCAACAGCCACTCAAGCCTCCTAAGTATGTGATGGAGCTTAAGAAAGAT.........GGAAGCCACAGCACAGGTGATGGGATTCCT...GATCGCTTCTCTGGATCCAGC......TCTGGTGCTGATCGCTACCTTAGCATTTCCAACATCCAGCCTGAAGATGAAGCAATATACATCTGTGGTGTGGGTGATACAATTAAGGAACAATTTGTGTAAC
IGLV-DOAL,IGLV,F,Rearranged,129S1/SvlmJ ,strain,Musmus IGLV1*01 F,Kos et al: IGLV1*01_129S6,,1,CAGGCTGTTGTGACTCAGGAATCTGCACTCACCACATCACCTGGTGAAACAGTCACACTCACTTGTCGCTCAAGTACTGGGGCTGTTACAACTAGTAACTATGCCAACTGGGTCCAAGAAAAACCAGATCATTTATTCACTGGTCTAATAGGTGGTACCAACAACCGAGCTCCAGGTGTTCCTGCCAGATTCTCAGGCTCCCTGATTGGAGACAAGGCTGCCCTCACCATCACAGGGGCACAGACTGAGGATGAGGCAATATATTTCTGTGCTCTATGGTACAGCAACCATTTC,CAGGCTGTTGTGACTCAGGAATCTGCA...CTCACCACATCACCTGGTGAAACAGTCACACTCACTTGTCGCTCAAGTACTGGGGCTGTTACA.........ACTAGTAACTATGCCAACTGGGTCCAAGAAAAACCAGATCATTTATTCACTGGTCTAATAGGTGGTACC.....................AACAACCGAGCTCCAGGTGTTCCT...GCCAGATTCTCAGGCTCCCTG......ATTGGAGACAAGGCTGCCCTCACCATCACAGGGGCACAGACTGAGGATGAGGCAATATATTTCTGTGCTCTATGGTACAGCAACCATTTC
IGLV-YE36,IGLV,F,Rearranged,129S1/SvlmJ ,strain,Musmus IGLV2*02 F,Kos et al: IGLV2*02_129S6,,1,CAGGCTGTTGTGACTCAGGAATCTGCACTCACCACATCACCTGGTGGAACAGTCATACTCACTTGTCGCTCAAGTACTGGGGCTGTTACAACTAGTAACTATGCCAACTGGGTCCAAGAAAAACCAGATCATTTATTCACTGGTCTAATAGGTGGTACCAGCAACCGAGCTCCAGGTGTTCCTGTCAGATTCTCAGGCTCCCTGATTGGAGACAAGGCTGCCCTCACCATCACAGGGGCACAGACTGAGGATGATGCAATGTATTTCTGTGCTCTATGGTACAGCACCCATTTC,CAGGCTGTTGTGACTCAGGAATCTGCA...CTCACCACATCACCTGGTGGAACAGTCATACTCACTTGTCGCTCAAGTACTGGGGCTGTTACA.........ACTAGTAACTATGCCAACTGGGTCCAAGAAAAACCAGATCATTTATTCACTGGTCTAATAGGTGGTACC.....................AGCAACCGAGCTCCAGGTGTTCCT...GTCAGATTCTCAGGCTCCCTG......ATTGGAGACAAGGCTGCCCTCACCATCACAGGGGCACAGACTGAGGATGATGCAATGTATTTCTGTGCTCTATGGTACAGCACCCATTTC
IGLV-XX4M,IGLV,F,Rearranged,129S1/SvlmJ ,strain,Musmus IGLV3*01 F,Kos et al: IGLV3*01_129S6,,1,CAACTTGTGCTCACTCAGTCATCTTCAGCCTCTTTCTCCCTGGGAGCCTCAGCAAAACTCACGTGCACCTTGAGTAGTCAGCACAGTACGTACACCATTGAATGGTATCAGCAACAGCCACTCAAGCCTCCTAAGTATGTGATGGAGCTTAAGAAAGATGGAAGCCACAGCACAGGTGATGGGATTCCTGATCGCTTCTCTGGATCCAGCTCTGGTGCTGATCGCTACCTTAGCATTTCCAACATCCAGCCTGAAGATGAAGCAATATACATCTGTGGTGTGGGTGATACAATTAAGGAACAATTTGTGTAAC,CAACTTGTGCTCACTCAGTCATCTTCA...GCCTCTTTCTCCCTGGGAGCCTCAGCAAAACTCACGTGCACCTTGAGTAGTCAGCACAGT...............ACGTACACCATTGAATGGTATCAGCAACAGCCACTCAAGCCTCCTAAGTATGTGATGGAGCTTAAGAAAGAT.........GGAAGCCACAGCACAGGTGATGGGATTCCT...GATCGCTTCTCTGGATCCAGC......TCTGGTGCTGATCGCTACCTTAGCATTTCCAACATCCAGCCTGAAGATGAAGCAATATACATCTGTGGTGTGGGTGATACAATTAAGGAACAATTTGTGTAAC
IGLV-NB72,IGLV,F,Rearranged,A/J,strain,Musmus IGLV1*01 F,Kos et al: IGLV1*01_AJ,,1,CAGGCTGTTGTGACTCAGGAATCTGCACTCACCACATCACCTGGTGAAACAGTCACACTCACTTGTCGCTCAAGTACTGGGGCTGTTACAACTAGTAACTATGCCAACTGGGTCCAAGAAAAACCAGATCATTTATTCACTGGTCTAATAGGTGGTACCAACAACCGAGCTCCAGGTGTTCCTGCCAGATTCTCAGGCTCCCTGATTGGAGACAAGGCTGCCCTCACCATCACAGGGGCACAGACTGAGGATGAGGCAATATATTTCTGTGCTCTATGGTACAGCAACCATTTC,CAGGCTGTTGTGACTCAGGAATCTGCA...CTCACCACATCACCTGGTGAAACAGTCACACTCACTTGTCGCTCAAGTACTGGGGCTGTTACA.........ACTAGTAACTATGCCAACTGGGTCCAAGAAAAACCAGATCATTTATTCACTGGTCTAATAGGTGGTACC.....................AACAACCGAGCTCCAGGTGTTCCT...GCCAGATTCTCAGGCTCCCTG......ATTGGAGACAAGGCTGCCCTCACCATCACAGGGGCACAGACTGAGGATGAGGCAATATATTTCTGTGCTCTATGGTACAGCAACCATTTC
IGLV-SYSG,IGLV,F,Rearranged,A/J,strain,Musmus IGLV2*02 F,Kos et al: IGLV2*02_AJ,,1,CAGGCTGTTGTGACTCAGGAATCTGCACTCACCACATCACCTGGTGGAACAGTCATACTCACTTGTCGCTCAAGTACTGGGGCTGTTACAACTAGTAACTATGCCAACTGGGTCCAAGAAAAACCAGATCATTTATTCACTGGTCTAATAGGTGGTACCAGCAACCGAGCTCCAGGTGTTCCTGTCAGATTCTCAGGCTCCCTGATTGGAGACAAGGCTGCCCTCACCATCACAGGGGCACAGACTGAGGATGATGCAATGTATTTCTGTGCTCTATGGTACAGCACCCATTTC,CAGGCTGTTGTGACTCAGGAATCTGCA...CTCACCACATCACCTGGTGGAACAGTCATACTCACTTGTCGCTCAAGTACTGGGGCTGTTACA.........ACTAGTAACTATGCCAACTGGGTCCAAGAAAAACCAGATCATTTATTCACTGGTCTAATAGGTGGTACC.....................AGCAACCGAGCTCCAGGTGTTCCT...GTCAGATTCTCAGGCTCCCTG......ATTGGAGACAAGGCTGCCCTCACCATCACAGGGGCACAGACTGAGGATGATGCAATGTATTTCTGTGCTCTATGGTACAGCACCCATTTC
IGLV-BQQH,IGLV,F,Rearranged,A/J,strain,Musmus IGLV3*01 F,Kos et al: IGLV3*01_AJ,,1,CAACTTGTGCTCACTCAGTCATCTTCAGCCTCTTTCTCCCTGGGAGCCTCAGCAAAACTCACGTGCACCTTGAGTAGTCAGCACAGTACGTACACCATTGAATGGTATCAGCAACAGCCACTCAAGCCTCCTAAGTATGTGATGGAGCTTAAGAAAGATGGAAGCCACAGCACAGGTGATGGGATTCCTGATCGCTTCTCTGGATCCAGCTCTGGTGCTGATCGCTACCTTAGCATTTCCAACATCCAGCCTGAAGATGAAGCAATATACATCTGTGGTGTGGGTGATACAATTAAGGAACAATTTGTGTAAC,CAACTTGTGCTCACTCAGTCATCTTCA...GCCTCTTTCTCCCTGGGAGCCTCAGCAAAACTCACGTGCACCTTGAGTAGTCAGCACAGT...............ACGTACACCATTGAATGGTATCAGCAACAGCCACTCAAGCCTCCTAAGTATGTGATGGAGCTTAAGAAAGAT.........GGAAGCCACAGCACAGGTGATGGGATTCCT...GATCGCTTCTCTGGATCCAGC......TCTGGTGCTGATCGCTACCTTAGCATTTCCAACATCCAGCCTGAAGATGAAGCAATATACATCTGTGGTGTGGGTGATACAATTAAGGAACAATTTGTGTAAC
IGLV-QG74,IGLV,F,Rearranged,AKR/J,strain,Musmus IGLV1*01 F,Kos et al: IGLV1*01_AKR,,1,CAGGCTGTTGTGACTCAGGAATCTGCACTCACCACATCACCTGGTGAAACAGTCACACTCACTTGTCGCTCAAGTACTGGGGCTGTTACAACTAGTAACTATGCCAACTGGGTCCAAGAAAAACCAGATCATTTATTCACTGGTCTAATAGGTGGTACCAACAACCGAGCTCCAGGTGTTCCTGCCAGATTCTCAGGCTCCCTGATTGGAGACAAGGCTGCCCTCACCATCACAGGGGCACAGACTGAGGATGAGGCAATATATTTCTGTGCTCTATGGTACAGCAACCATTTC,CAGGCTGTTGTGACTCAGGAATCTGCA...CTCACCACATCACCTGGTGAAACAGTCACACTCACTTGTCGCTCAAGTACTGGGGCTGTTACA.........ACTAGTAACTATGCCAACTGGGTCCAAGAAAAACCAGATCATTTATTCACTGGTCTAATAGGTGGTACC.....................AACAACCGAGCTCCAGGTGTTCCT...GCCAGATTCTCAGGCTCCCTG......ATTGGAGACAAGGCTGCCCTCACCATCACAGGGGCACAGACTGAGGATGAGGCAATATATTTCTGTGCTCTATGGTACAGCAACCATTTC
IGLV-53OK,IGLV,F,Rearranged,AKR/J,strain,Musmus IGLV2*02 F,Kos et al: IGLV2*02_AKR,,1,CAGGCTGTTGTGACTCAGGAATCTGCACTCACCACATCACCTGGTGGAACAGTCATACTCACTTGTCGCTCAAGTACTGGGGCTGTTACAACTAGTAACTATGCCAACTGGGTCCAAGAAAAACCAGATCATTTATTCACTGGTCTAATAGGTGGTACCAGCAACCGAGCTCCAGGTGTTCCTGTCAGATTCTCAGGCTCCCTGATTGGAGACAAGGCTGCCCTCACCATCACAGGGGCACAGACTGAGGATGATGCAATGTATTTCTGTGCTCTATGGTACAGCACCCATTTC,CAGGCTGTTGTGACTCAGGAATCTGCA...CTCACCACATCACCTGGTGGAACAGTCATACTCACTTGTCGCTCAAGTACTGGGGCTGTTACA.........ACTAGTAACTATGCCAACTGGGTCCAAGAAAAACCAGATCATTTATTCACTGGTCTAATAGGTGGTACC.....................AGCAACCGAGCTCCAGGTGTTCCT...GTCAGATTCTCAGGCTCCCTG......ATTGGAGACAAGGCTGCCCTCACCATCACAGGGGCACAGACTGAGGATGATGCAATGTATTTCTGTGCTCTATGGTACAGCACCCATTTC
IGLV-OC5B,IGLV,F,Rearranged,AKR/J,strain,Musmus IGLV3*01 F,Kos et al: IGLV3*01_AKR,,1,CAACTTGTGCTCACTCAGTCATCTTCAGCCTCTTTCTCCCTGGGAGCCTCAGCAAAACTCACGTGCACCTTGAGTAGTCAGCACAGTACGTACACCATTGAATGGTATCAGCAACAGCCACTCAAGCCTCCTAAGTATGTGATGGAGCTTAAGAAAGATGGAAGCCACAGCACAGGTGATGGGATTCCTGATCGCTTCTCTGGATCCAGCTCTGGTGCTGATCGCTACCTTAGCATTTCCAACATCCAGCCTGAAGATGAAGCAATATACATCTGTGGTGTGGGTGATACAATTAAGGAACAATTTGTGTAAC,CAACTTGTGCTCACTCAGTCATCTTCA...GCCTCTTTCTCCCTGGGAGCCTCAGCAAAACTCACGTGCACCTTGAGTAGTCAGCACAGT...............ACGTACACCATTGAATGGTATCAGCAACAGCCACTCAAGCCTCCTAAGTATGTGATGGAGCTTAAGAAAGAT.........GGAAGCCACAGCACAGGTGATGGGATTCCT...GATCGCTTCTCTGGATCCAGC......TCTGGTGCTGATCGCTACCTTAGCATTTCCAACATCCAGCCTGAAGATGAAGCAATATACATCTGTGGTGTGGGTGATACAATTAAGGAACAATTTGTGTAAC
IGLV-DXAF,IGLV,F,Rearranged,C57BL/6J,strain,Musmus IGLV1*01 F,Kos et al: IGLV1*01_B6,,1,CAGGCTGTTGTGACTCAGGAATCTGCACTCACCACATCACCTGGTGAAACAGTCACACTCACTTGTCGCTCAAGTACTGGGGCTGTTACAACTAGTAACTATGCCAACTGGGTCCAAGAAAAACCAGATCATTTATTCACTGGTCTAATAGGTGGTACCAACAACCGAGCTCCAGGTGTTCCTGCCAGATTCTCAGGCTCCCTGATTGGAGACAAGGCTGCCCTCACCATCACAGGGGCACAGACTGAGGATGAGGCAATATATTTCTGTGCTCTATGGTACAGCAACCATTTC,CAGGCTGTTGTGACTCAGGAATCTGCA...CTCACCACATCACCTGGTGAAACAGTCACACTCACTTGTCGCTCAAGTACTGGGGCTGTTACA.........ACTAGTAACTATGCCAACTGGGTCCAAGAAAAACCAGATCATTTATTCACTGGTCTAATAGGTGGTACC.....................AACAACCGAGCTCCAGGTGTTCCT...GCCAGATTCTCAGGCTCCCTG......ATTGGAGACAAGGCTGCCCTCACCATCACAGGGGCACAGACTGAGGATGAGGCAATATATTTCTGTGCTCTATGGTACAGCAACCATTTC
IGLV-ZZ4C,IGLV,F,Rearranged,C57BL/6J,strain,Musmus IGLV2*02 F,Kos et al: IGLV2*02_B6,,1,CAGGCTGTTGTGACTCAGGAATCTGCACTCACCACATCACCTGGTGGAACAGTCATACTCACTTGTCGCTCAAGTACTGGGGCTGTTACAACTAGTAACTATGCCAACTGGGTCCAAGAAAAACCAGATCATTTATTCACTGGTCTAATAGGTGGTACCAGCAACCGAGCTCCAGGTGTTCCTGTCAGATTCTCAGGCTCCCTGATTGGAGACAAGGCTGCCCTCACCATCACAGGGGCACAGACTGAGGATGATGCAATGTATTTCTGTGCTCTATGGTACAGCACCCATTTC,CAGGCTGTTGTGACTCAGGAATCTGCA...CTCACCACATCACCTGGTGGAACAGTCATACTCACTTGTCGCTCAAGTACTGGGGCTGTTACA.........ACTAGTAACTATGCCAACTGGGTCCAAGAAAAACCAGATCATTTATTCACTGGTCTAATAGGTGGTACC.....................AGCAACCGAGCTCCAGGTGTTCCT...GTCAGATTCTCAGGCTCCCTG......ATTGGAGACAAGGCTGCCCTCACCATCACAGGGGCACAGACTGAGGATGATGCAATGTATTTCTGTGCTCTATGGTACAGCACCCATTTC
IGLV-TXCK,IGLV,F,Rearranged,C57BL/6J,strain,Musmus IGLV3*01 F,Kos et al: IGLV3*01_B6,,1,CAACTTGTGCTCACTCAGTCATCTTCAGCCTCTTTCTCCCTGGGAGCCTCAGCAAAACTCACGTGCACCTTGAGTAGTCAGCACAGTACGTACACCATTGAATGGTATCAGCAACAGCCACTCAAGCCTCCTAAGTATGTGATGGAGCTTAAGAAAGATGGAAGCCACAGCACAGGTGATGGGATTCCTGATCGCTTCTCTGGATCCAGCTCTGGTGCTGATCGCTACCTTAGCATTTCCAACATCCAGCCTGAAGATGAAGCAATATACATCTGTGGTGTGGGTGATACAATTAAGGAACAATTTGTGTAAC,CAACTTGTGCTCACTCAGTCATCTTCA...GCCTCTTTCTCCCTGGGAGCCTCAGCAAAACTCACGTGCACCTTGAGTAGTCAGCACAGT...............ACGTACACCATTGAATGGTATCAGCAACAGCCACTCAAGCCTCCTAAGTATGTGATGGAGCTTAAGAAAGAT.........GGAAGCCACAGCACAGGTGATGGGATTCCT...GATCGCTTCTCTGGATCCAGC......TCTGGTGCTGATCGCTACCTTAGCATTTCCAACATCCAGCCTGAAGATGAAGCAATATACATCTGTGGTGTGGGTGATACAATTAAGGAACAATTTGTGTAAC
IGLV-P56C,IGLV,F,Rearranged,BALB/cByJ,strain,Musmus IGLV1*01 F,Kos et al: IGLV1*01_BALB,,1,CAGGCTGTTGTGACTCAGGAATCTGCACTCACCACATCACCTGGTGAAACAGTCACACTCACTTGTCGCTCAAGTACTGGGGCTGTTACAACTAGTAACTATGCCAACTGGGTCCAAGAAAAACCAGATCATTTATTCACTGGTCTAATAGGTGGTACCAACAACCGAGCTCCAGGTGTTCCTGCCAGATTCTCAGGCTCCCTGATTGGAGACAAGGCTGCCCTCACCATCACAGGGGCACAGACTGAGGATGAGGCAATATATTTCTGTGCTCTATGGTACAGCAACCATTTC,CAGGCTGTTGTGACTCAGGAATCTGCA...CTCACCACATCACCTGGTGAAACAGTCACACTCACTTGTCGCTCAAGTACTGGGGCTGTTACA.........ACTAGTAACTATGCCAACTGGGTCCAAGAAAAACCAGATCATTTATTCACTGGTCTAATAGGTGGTACC.....................AACAACCGAGCTCCAGGTGTTCCT...GCCAGATTCTCAGGCTCCCTG......ATTGGAGACAAGGCTGCCCTCACCATCACAGGGGCACAGACTGAGGATGAGGCAATATATTTCTGTGCTCTATGGTACAGCAACCATTTC
IGLV-NOJ2,IGLV,F,Rearranged,BALB/cByJ,strain,Musmus IGLV2*02 F,Kos et al: IGLV2*02_BALB,,1,CAGGCTGTTGTGACTCAGGAATCTGCACTCACCACATCACCTGGTGGAACAGTCATACTCACTTGTCGCTCAAGTACTGGGGCTGTTACAACTAGTAACTATGCCAACTGGGTCCAAGAAAAACCAGATCATTTATTCACTGGTCTAATAGGTGGTACCAGCAACCGAGCTCCAGGTGTTCCTGTCAGATTCTCAGGCTCCCTGATTGGAGACAAGGCTGCCCTCACCATCACAGGGGCACAGACTGAGGATGATGCAATGTATTTCTGTGCTCTATGGTACAGCACCCATTTC,CAGGCTGTTGTGACTCAGGAATCTGCA...CTCACCACATCACCTGGTGGAACAGTCATACTCACTTGTCGCTCAAGTACTGGGGCTGTTACA.........ACTAGTAACTATGCCAACTGGGTCCAAGAAAAACCAGATCATTTATTCACTGGTCTAATAGGTGGTACC.....................AGCAACCGAGCTCCAGGTGTTCCT...GTCAGATTCTCAGGCTCCCTG......ATTGGAGACAAGGCTGCCCTCACCATCACAGGGGCACAGACTGAGGATGATGCAATGTATTTCTGTGCTCTATGGTACAGCACCCATTTC
IGLV-FBPO,IGLV,F,Rearranged,BALB/cByJ,strain,Musmus IGLV3*01 F,Kos et al: IGLV3*01_BALB,,1,CAACTTGTGCTCACTCAGTCATCTTCAGCCTCTTTCTCCCTGGGAGCCTCAGCAAAACTCACGTGCACCTTGAGTAGTCAGCACAGTACGTACACCATTGAATGGTATCAGCAACAGCCACTCAAGCCTCCTAAGTATGTGATGGAGCTTAAGAAAGATGGAAGCCACAGCACAGGTGATGGGATTCCTGATCGCTTCTCTGGATCCAGCTCTGGTGCTGATCGCTACCTTAGCATTTCCAACATCCAGCCTGAAGATGAAGCAATATACATCTGTGGTGTGGGTGATACAATTAAGGAACAATTTGTGTAAC,CAACTTGTGCTCACTCAGTCATCTTCA...GCCTCTTTCTCCCTGGGAGCCTCAGCAAAACTCACGTGCACCTTGAGTAGTCAGCACAGT...............ACGTACACCATTGAATGGTATCAGCAACAGCCACTCAAGCCTCCTAAGTATGTGATGGAGCTTAAGAAAGAT.........GGAAGCCACAGCACAGGTGATGGGATTCCT...GATCGCTTCTCTGGATCCAGC......TCTGGTGCTGATCGCTACCTTAGCATTTCCAACATCCAGCCTGAAGATGAAGCAATATACATCTGTGGTGTGGGTGATACAATTAAGGAACAATTTGTGTAAC
IGLV-R3TZ,IGLV,F,Rearranged,C3H/HeJ,strain,Musmus IGLV1*01 F,Kos et al: IGLV1*01_C3H,,1,CAGGCTGTTGTGACTCAGGAATCTGCACTCACCACATCACCTGGTGAAACAGTCACACTCACTTGTCGCTCAAGTACTGGGGCTGTTACAACTAGTAACTATGCCAACTGGGTCCAAGAAAAACCAGATCATTTATTCACTGGTCTAATAGGTGGTACCAACAACCGAGCTCCAGGTGTTCCTGCCAGATTCTCAGGCTCCCTGATTGGAGACAAGGCTGCCCTCACCATCACAGGGGCACAGACTGAGGATGAGGCAATATATTTCTGTGCTCTATGGTACAGCAACCATTTC,CAGGCTGTTGTGACTCAGGAATCTGCA...CTCACCACATCACCTGGTGAAACAGTCACACTCACTTGTCGCTCAAGTACTGGGGCTGTTACA.........ACTAGTAACTATGCCAACTGGGTCCAAGAAAAACCAGATCATTTATTCACTGGTCTAATAGGTGGTACC.....................AACAACCGAGCTCCAGGTGTTCCT...GCCAGATTCTCAGGCTCCCTG......ATTGGAGACAAGGCTGCCCTCACCATCACAGGGGCACAGACTGAGGATGAGGCAATATATTTCTGTGCTCTATGGTACAGCAACCATTTC
IGLV-Z6QW,IGLV,F,Rearranged,C3H/HeJ,strain,Musmus IGLV2*02 F,Kos et al: IGLV2*02_C3H,,1,CAGGCTGTTGTGACTCAGGAATCTGCACTCACCACATCACCTGGTGGAACAGTCATACTCACTTGTCGCTCAAGTACTGGGGCTGTTACAACTAGTAACTATGCCAACTGGGTCCAAGAAAAACCAGATCATTTATTCACTGGTCTAATAGGTGGTACCAGCAACCGAGCTCCAGGTGTTCCTGTCAGATTCTCAGGCTCCCTGATTGGAGACAAGGCTGCCCTCACCATCACAGGGGCACAGACTGAGGATGATGCAATGTATTTCTGTGCTCTATGGTACAGCACCCATTTC,CAGGCTGTTGTGACTCAGGAATCTGCA...CTCACCACATCACCTGGTGGAACAGTCATACTCACTTGTCGCTCAAGTACTGGGGCTGTTACA.........ACTAGTAACTATGCCAACTGGGTCCAAGAAAAACCAGATCATTTATTCACTGGTCTAATAGGTGGTACC.....................AGCAACCGAGCTCCAGGTGTTCCT...GTCAGATTCTCAGGCTCCCTG......ATTGGAGACAAGGCTGCCCTCACCATCACAGGGGCACAGACTGAGGATGATGCAATGTATTTCTGTGCTCTATGGTACAGCACCCATTTC
IGLV-ZGHK,IGLV,F,Rearranged,C3H/HeJ,strain,Musmus IGLV3*01 F,Kos et al: IGLV3*01_C3H,,1,CAACTTGTGCTCACTCAGTCATCTTCAGCCTCTTTCTCCCTGGGAGCCTCAGCAAAACTCACGTGCACCTTGAGTAGTCAGCACAGTACGTACACCATTGAATGGTATCAGCAACAGCCACTCAAGCCTCCTAAGTATGTGATGGAGCTTAAGAAAGATGGAAGCCACAGCACAGGTGATGGGATTCCTGATCGCTTCTCTGGATCCAGCTCTGGTGCTGATCGCTACCTTAGCATTTCCAACATCCAGCCTGAAGATGAAGCAATATACATCTGTGGTGTGGGTGATACAATTAAGGAACAATTTGTGTAAC,CAACTTGTGCTCACTCAGTCATCTTCA...GCCTCTTTCTCCCTGGGAGCCTCAGCAAAACTCACGTGCACCTTGAGTAGTCAGCACAGT...............ACGTACACCATTGAATGGTATCAGCAACAGCCACTCAAGCCTCCTAAGTATGTGATGGAGCTTAAGAAAGAT.........GGAAGCCACAGCACAGGTGATGGGATTCCT...GATCGCTTCTCTGGATCCAGC......TCTGGTGCTGATCGCTACCTTAGCATTTCCAACATCCAGCCTGAAGATGAAGCAATATACATCTGTGGTGTGGGTGATACAATTAAGGAACAATTTGTGTAAC
IGLV-5HZ7,IGLV,F,Rearranged,DBA/1J,strain,Musmus IGLV1*01 F,Kos et al: IGLV1*01_DBA1,,1,CAGGCTGTTGTGACTCAGGAATCTGCACTCACCACATCACCTGGTGAAACAGTCACACTCACTTGTCGCTCAAGTACTGGGGCTGTTACAACTAGTAACTATGCCAACTGGGTCCAAGAAAAACCAGATCATTTATTCACTGGTCTAATAGGTGGTACCAACAACCGAGCTCCAGGTGTTCCTGCCAGATTCTCAGGCTCCCTGATTGGAGACAAGGCTGCCCTCACCATCACAGGGGCACAGACTGAGGATGAGGCAATATATTTCTGTGCTCTATGGTACAGCAACCATTTC,CAGGCTGTTGTGACTCAGGAATCTGCA...CTCACCACATCACCTGGTGAAACAGTCACACTCACTTGTCGCTCAAGTACTGGGGCTGTTACA.........ACTAGTAACTATGCCAACTGGGTCCAAGAAAAACCAGATCATTTATTCACTGGTCTAATAGGTGGTACC.....................AACAACCGAGCTCCAGGTGTTCCT...GCCAGATTCTCAGGCTCCCTG......ATTGGAGACAAGGCTGCCCTCACCATCACAGGGGCACAGACTGAGGATGAGGCAATATATTTCTGTGCTCTATGGTACAGCAACCATTTC
IGLV-HQTJ,IGLV,F,Rearranged,DBA/1J,strain,Musmus IGLV2*02 F,Kos et al: IGLV2*02_DBA1,,1,CAGGCTGTTGTGACTCAGGAATCTGCACTCACCACATCACCTGGTGGAACAGTCATACTCACTTGTCGCTCAAGTACTGGGGCTGTTACAACTAGTAACTATGCCAACTGGGTCCAAGAAAAACCAGATCATTTATTCACTGGTCTAATAGGTGGTACCAGCAACCGAGCTCCAGGTGTTCCTGTCAGATTCTCAGGCTCCCTGATTGGAGACAAGGCTGCCCTCACCATCACAGGGGCACAGACTGAGGATGATGCAATGTATTTCTGTGCTCTATGGTACAGCACCCATTTC,CAGGCTGTTGTGACTCAGGAATCTGCA...CTCACCACATCACCTGGTGGAACAGTCATACTCACTTGTCGCTCAAGTACTGGGGCTGTTACA.........ACTAGTAACTATGCCAACTGGGTCCAAGAAAAACCAGATCATTTATTCACTGGTCTAATAGGTGGTACC.....................AGCAACCGAGCTCCAGGTGTTCCT...GTCAGATTCTCAGGCTCCCTG......ATTGGAGACAAGGCTGCCCTCACCATCACAGGGGCACAGACTGAGGATGATGCAATGTATTTCTGTGCTCTATGGTACAGCACCCATTTC
IGLV-CCTV,IGLV,F,Rearranged,DBA/1J,strain,Musmus IGLV3*01 F,Kos et al: IGLV3*01_DBA1,,1,CAACTTGTGCTCACTCAGTCATCTTCAGCCTCTTTCTCCCTGGGAGCCTCAGCAAAACTCACGTGCACCTTGAGTAGTCAGCACAGTACGTACACCATTGAATGGTATCAGCAACAGCCACTCAAGCCTCCTAAGTATGTGATGGAGCTTAAGAAAGATGGAAGCCACAGCACAGGTGATGGGATTCCTGATCGCTTCTCTGGATCCAGCTCTGGTGCTGATCGCTACCTTAGCATTTCCAACATCCAGCCTGAAGATGAAGCAATATACATCTGTGGTGTGGGTGATACAATTAAGGAACAATTTGTGTAAC,CAACTTGTGCTCACTCAGTCATCTTCA...GCCTCTTTCTCCCTGGGAGCCTCAGCAAAACTCACGTGCACCTTGAGTAGTCAGCACAGT...............ACGTACACCATTGAATGGTATCAGCAACAGCCACTCAAGCCTCCTAAGTATGTGATGGAGCTTAAGAAAGAT.........GGAAGCCACAGCACAGGTGATGGGATTCCT...GATCGCTTCTCTGGATCCAGC......TCTGGTGCTGATCGCTACCTTAGCATTTCCAACATCCAGCCTGAAGATGAAGCAATATACATCTGTGGTGTGGGTGATACAATTAAGGAACAATTTGTGTAAC
IGLV-3LDV,IGLV,F,Rearranged,DBA/2J,strain,Musmus IGLV1*01 F,Kos et al: IGLV1*01_DBA2,,1,CAGGCTGTTGTGACTCAGGAATCTGCACTCACCACATCACCTGGTGAAACAGTCACACTCACTTGTCGCTCAAGTACTGGGGCTGTTACAACTAGTAACTATGCCAACTGGGTCCAAGAAAAACCAGATCATTTATTCACTGGTCTAATAGGTGGTACCAACAACCGAGCTCCAGGTGTTCCTGCCAGATTCTCAGGCTCCCTGATTGGAGACAAGGCTGCCCTCACCATCACAGGGGCACAGACTGAGGATGAGGCAATATATTTCTGTGCTCTATGGTACAGCAACCATTTC,CAGGCTGTTGTGACTCAGGAATCTGCA...CTCACCACATCACCTGGTGAAACAGTCACACTCACTTGTCGCTCAAGTACTGGGGCTGTTACA.........ACTAGTAACTATGCCAACTGGGTCCAAGAAAAACCAGATCATTTATTCACTGGTCTAATAGGTGGTACC.....................AACAACCGAGCTCCAGGTGTTCCT...GCCAGATTCTCAGGCTCCCTG......ATTGGAGACAAGGCTGCCCTCACCATCACAGGGGCACAGACTGAGGATGAGGCAATATATTTCTGTGCTCTATGGTACAGCAACCATTTC
IGLV-ZFBS,IGLV,F,Rearranged,DBA/2J,strain,Musmus IGLV2*02 F,Kos et al: IGLV2*02_DBA2,,1,CAGGCTGTTGTGACTCAGGAATCTGCACTCACCACATCACCTGGTGGAACAGTCATACTCACTTGTCGCTCAAGTACTGGGGCTGTTACAACTAGTAACTATGCCAACTGGGTCCAAGAAAAACCAGATCATTTATTCACTGGTCTAATAGGTGGTACCAGCAACCGAGCTCCAGGTGTTCCTGTCAGATTCTCAGGCTCCCTGATTGGAGACAAGGCTGCCCTCACCATCACAGGGGCACAGACTGAGGATGATGCAATGTATTTCTGTGCTCTATGGTACAGCACCCATTTC,CAGGCTGTTGTGACTCAGGAATCTGCA...CTCACCACATCACCTGGTGGAACAGTCATACTCACTTGTCGCTCAAGTACTGGGGCTGTTACA.........ACTAGTAACTATGCCAACTGGGTCCAAGAAAAACCAGATCATTTATTCACTGGTCTAATAGGTGGTACC.....................AGCAACCGAGCTCCAGGTGTTCCT...GTCAGATTCTCAGGCTCCCTG......ATTGGAGACAAGGCTGCCCTCACCATCACAGGGGCACAGACTGAGGATGATGCAATGTATTTCTGTGCTCTATGGTACAGCACCCATTTC
IGLV-PVYI,IGLV,F,Rearranged,DBA/2J,strain,Musmus IGLV3*01 F,Kos et al: IGLV3*01_DBA2,,1,CAACTTGTGCTCACTCAGTCATCTTCAGCCTCTTTCTCCCTGGGAGCCTCAGCAAAACTCACGTGCACCTTGAGTAGTCAGCACAGTACGTACACCATTGAATGGTATCAGCAACAGCCACTCAAGCCTCCTAAGTATGTGATGGAGCTTAAGAAAGATGGAAGCCACAGCACAGGTGATGGGATTCCTGATCGCTTCTCTGGATCCAGCTCTGGTGCTGATCGCTACCTTAGCATTTCCAACATCCAGCCTGAAGATGAAGCAATATACATCTGTGGTGTGGGTGATACAATTAAGGAACAATTTGTGTAAC,CAACTTGTGCTCACTCAGTCATCTTCA...GCCTCTTTCTCCCTGGGAGCCTCAGCAAAACTCACGTGCACCTTGAGTAGTCAGCACAGT...............ACGTACACCATTGAATGGTATCAGCAACAGCCACTCAAGCCTCCTAAGTATGTGATGGAGCTTAAGAAAGAT.........GGAAGCCACAGCACAGGTGATGGGATTCCT...GATCGCTTCTCTGGATCCAGC......TCTGGTGCTGATCGCTACCTTAGCATTTCCAACATCCAGCCTGAAGATGAAGCAATATACATCTGTGGTGTGGGTGATACAATTAAGGAACAATTTGTGTAAC
IGLV-YCUB,IGLV,F,Rearranged,NOD/ShiLtJ,strain,Musmus IGLV1*01 F,Kos et al: IGLV1*01_NOD,,1,CAGGCTGTTGTGACTCAGGAATCTGCACTCACCACATCACCTGGTGAAACAGTCACACTCACTTGTCGCTCAAGTACTGGGGCTGTTACAACTAGTAACTATGCCAACTGGGTCCAAGAAAAACCAGATCATTTATTCACTGGTCTAATAGGTGGTACCAACAACCGAGCTCCAGGTGTTCCTGCCAGATTCTCAGGCTCCCTGATTGGAGACAAGGCTGCCCTCACCATCACAGGGGCACAGACTGAGGATGAGGCAATATATTTCTGTGCTCTATGGTACAGCAACCATTTC,CAGGCTGTTGTGACTCAGGAATCTGCA...CTCACCACATCACCTGGTGAAACAGTCACACTCACTTGTCGCTCAAGTACTGGGGCTGTTACA.........ACTAGTAACTATGCCAACTGGGTCCAAGAAAAACCAGATCATTTATTCACTGGTCTAATAGGTGGTACC.....................AACAACCGAGCTCCAGGTGTTCCT...GCCAGATTCTCAGGCTCCCTG......ATTGGAGACAAGGCTGCCCTCACCATCACAGGGGCACAGACTGAGGATGAGGCAATATATTTCTGTGCTCTATGGTACAGCAACCATTTC
IGLV-GMLA,IGLV,F,Rearranged,NOD/ShiLtJ,strain,Musmus IGLV2*02 F,Kos et al: IGLV2*02_NOD,,1,CAGGCTGTTGTGACTCAGGAATCTGCACTCACCACATCACCTGGTGGAACAGTCATACTCACTTGTCGCTCAAGTACTGGGGCTGTTACAACTAGTAACTATGCCAACTGGGTCCAAGAAAAACCAGATCATTTATTCACTGGTCTAATAGGTGGTACCAGCAACCGAGCTCCAGGTGTTCCTGTCAGATTCTCAGGCTCCCTGATTGGAGACAAGGCTGCCCTCACCATCACAGGGGCACAGACTGAGGATGATGCAATGTATTTCTGTGCTCTATGGTACAGCACCCATTTC,CAGGCTGTTGTGACTCAGGAATCTGCA...CTCACCACATCACCTGGTGGAACAGTCATACTCACTTGTCGCTCAAGTACTGGGGCTGTTACA.........ACTAGTAACTATGCCAACTGGGTCCAAGAAAAACCAGATCATTTATTCACTGGTCTAATAGGTGGTACC.....................AGCAACCGAGCTCCAGGTGTTCCT...GTCAGATTCTCAGGCTCCCTG......ATTGGAGACAAGGCTGCCCTCACCATCACAGGGGCACAGACTGAGGATGATGCAATGTATTTCTGTGCTCTATGGTACAGCACCCATTTC
IGLV-RYFN,IGLV,F,Rearranged,NOD/ShiLtJ,strain,Musmus IGLV3*01 F,Kos et al: IGLV3*01_NOD,,1,CAACTTGTGCTCACTCAGTCATCTTCAGCCTCTTTCTCCCTGGGAGCCTCAGCAAAACTCACGTGCACCTTGAGTAGTCAGCACAGTACGTACACCATTGAATGGTATCAGCAACAGCCACTCAAGCCTCCTAAGTATGTGATGGAGCTTAAGAAAGATGGAAGCCACAGCACAGGTGATGGGATTCCTGATCGCTTCTCTGGATCCAGCTCTGGTGCTGATCGCTACCTTAGCATTTCCAACATCCAGCCTGAAGATGAAGCAATATACATCTGTGGTGTGGGTGATACAATTAAGGAACAATTTGTGTAAC,CAACTTGTGCTCACTCAGTCATCTTCA...GCCTCTTTCTCCCTGGGAGCCTCAGCAAAACTCACGTGCACCTTGAGTAGTCAGCACAGT...............ACGTACACCATTGAATGGTATCAGCAACAGCCACTCAAGCCTCCTAAGTATGTGATGGAGCTTAAGAAAGAT.........GGAAGCCACAGCACAGGTGATGGGATTCCT...GATCGCTTCTCTGGATCCAGC......TCTGGTGCTGATCGCTACCTTAGCATTTCCAACATCCAGCCTGAAGATGAAGCAATATACATCTGTGGTGTGGGTGATACAATTAAGGAACAATTTGTGTAAC
IGLV-PXTF,IGLV,F,Rearranged,NOR/LtJ,strain,Musmus IGLV1*01 F,Kos et al: IGLV1*01_NOR,,1,CAGGCTGTTGTGACTCAGGAATCTGCACTCACCACATCACCTGGTGAAACAGTCACACTCACTTGTCGCTCAAGTACTGGGGCTGTTACAACTAGTAACTATGCCAACTGGGTCCAAGAAAAACCAGATCATTTATTCACTGGTCTAATAGGTGGTACCAACAACCGAGCTCCAGGTGTTCCTGCCAGATTCTCAGGCTCCCTGATTGGAGACAAGGCTGCCCTCACCATCACAGGGGCACAGACTGAGGATGAGGCAATATATTTCTGTGCTCTATGGTACAGCAACCATTTC,CAGGCTGTTGTGACTCAGGAATCTGCA...CTCACCACATCACCTGGTGAAACAGTCACACTCACTTGTCGCTCAAGTACTGGGGCTGTTACA.........ACTAGTAACTATGCCAACTGGGTCCAAGAAAAACCAGATCATTTATTCACTGGTCTAATAGGTGGTACC.....................AACAACCGAGCTCCAGGTGTTCCT...GCCAGATTCTCAGGCTCCCTG......ATTGGAGACAAGGCTGCCCTCACCATCACAGGGGCACAGACTGAGGATGAGGCAATATATTTCTGTGCTCTATGGTACAGCAACCATTTC
IGLV-RLSC,IGLV,F,Rearranged,NOR/LtJ,strain,Musmus IGLV2*02 F,Kos et al: IGLV2*02_NOR,,1,CAGGCTGTTGTGACTCAGGAATCTGCACTCACCACATCACCTGGTGGAACAGTCATACTCACTTGTCGCTCAAGTACTGGGGCTGTTACAACTAGTAACTATGCCAACTGGGTCCAAGAAAAACCAGATCATTTATTCACTGGTCTAATAGGTGGTACCAGCAACCGAGCTCCAGGTGTTCCTGTCAGATTCTCAGGCTCCCTGATTGGAGACAAGGCTGCCCTCACCATCACAGGGGCACAGACTGAGGATGATGCAATGTATTTCTGTGCTCTATGGTACAGCACCCATTTC,CAGGCTGTTGTGACTCAGGAATCTGCA...CTCACCACATCACCTGGTGGAACAGTCATACTCACTTGTCGCTCAAGTACTGGGGCTGTTACA.........ACTAGTAACTATGCCAACTGGGTCCAAGAAAAACCAGATCATTTATTCACTGGTCTAATAGGTGGTACC.....................AGCAACCGAGCTCCAGGTGTTCCT...GTCAGATTCTCAGGCTCCCTG......ATTGGAGACAAGGCTGCCCTCACCATCACAGGGGCACAGACTGAGGATGATGCAATGTATTTCTGTGCTCTATGGTACAGCACCCATTTC
IGLV-VYRY,IGLV,F,Rearranged,NOR/LtJ,strain,Musmus IGLV3*01 F,Kos et al: IGLV3*01_NOR,,1,CAACTTGTGCTCACTCAGTCATCTTCAGCCTCTTTCTCCCTGGGAGCCTCAGCAAAACTCACGTGCACCTTGAGTAGTCAGCACAGTACGTACACCATTGAATGGTATCAGCAACAGCCACTCAAGCCTCCTAAGTATGTGATGGAGCTTAAGAAAGATGGAAGCCACAGCACAGGTGATGGGATTCCTGATCGCTTCTCTGGATCCAGCTCTGGTGCTGATCGCTACCTTAGCATTTCCAACATCCAGCCTGAAGATGAAGCAATATACATCTGTGGTGTGGGTGATACAATTAAGGAACAATTTGTGTAAC,CAACTTGTGCTCACTCAGTCATCTTCA...GCCTCTTTCTCCCTGGGAGCCTCAGCAAAACTCACGTGCACCTTGAGTAGTCAGCACAGT...............ACGTACACCATTGAATGGTATCAGCAACAGCCACTCAAGCCTCCTAAGTATGTGATGGAGCTTAAGAAAGAT.........GGAAGCCACAGCACAGGTGATGGGATTCCT...GATCGCTTCTCTGGATCCAGC......TCTGGTGCTGATCGCTACCTTAGCATTTCCAACATCCAGCCTGAAGATGAAGCAATATACATCTGTGGTGTGGGTGATACAATTAAGGAACAATTTGTGTAAC
IGLV-S5XB,IGLV,F,Rearranged,NZB/BlNJ ,strain,Musmus IGLV1*01 F,Kos et al: IGLV1*01_NZB,,1,CAGGCTGTTGTGACTCAGGAATCTGCACTCACCACATCACCTGGTGAAACAGTCACACTCACTTGTCGCTCAAGTACTGGGGCTGTTACAACTAGTAACTATGCCAACTGGGTCCAAGAAAAACCAGATCATTTATTCACTGGTCTAATAGGTGGTACCAACAACCGAGCTCCAGGTGTTCCTGCCAGATTCTCAGGCTCCCTGATTGGAGACAAGGCTGCCCTCACCATCACAGGGGCACAGACTGAGGATGAGGCAATATATTTCTGTGCTCTATGGTACAGCAACCATTTC,CAGGCTGTTGTGACTCAGGAATCTGCA...CTCACCACATCACCTGGTGAAACAGTCACACTCACTTGTCGCTCAAGTACTGGGGCTGTTACA.........ACTAGTAACTATGCCAACTGGGTCCAAGAAAAACCAGATCATTTATTCACTGGTCTAATAGGTGGTACC.....................AACAACCGAGCTCCAGGTGTTCCT...GCCAGATTCTCAGGCTCCCTG......ATTGGAGACAAGGCTGCCCTCACCATCACAGGGGCACAGACTGAGGATGAGGCAATATATTTCTGTGCTCTATGGTACAGCAACCATTTC
IGLV-GLHN,IGLV,F,Rearranged,NZB/BlNJ ,strain,Musmus IGLV2*02 F,Kos et al: IGLV2*02_NZB,,1,CAGGCTGTTGTGACTCAGGAATCTGCACTCACCACATCACCTGGTGGAACAGTCATACTCACTTGTCGCTCAAGTACTGGGGCTGTTACAACTAGTAACTATGCCAACTGGGTCCAAGAAAAACCAGATCATTTATTCACTGGTCTAATAGGTGGTACCAGCAACCGAGCTCCAGGTGTTCCTGTCAGATTCTCAGGCTCCCTGATTGGAGACAAGGCTGCCCTCACCATCACAGGGGCACAGACTGAGGATGATGCAATGTATTTCTGTGCTCTATGGTACAGCACCCATTTC,CAGGCTGTTGTGACTCAGGAATCTGCA...CTCACCACATCACCTGGTGGAACAGTCATACTCACTTGTCGCTCAAGTACTGGGGCTGTTACA.........ACTAGTAACTATGCCAACTGGGTCCAAGAAAAACCAGATCATTTATTCACTGGTCTAATAGGTGGTACC.....................AGCAACCGAGCTCCAGGTGTTCCT...GTCAGATTCTCAGGCTCCCTG......ATTGGAGACAAGGCTGCCCTCACCATCACAGGGGCACAGACTGAGGATGATGCAATGTATTTCTGTGCTCTATGGTACAGCACCCATTTC
IGLV-JPO6,IGLV,F,Rearranged,NZB/BlNJ ,strain,Musmus IGLV3*01 F,Kos et al: IGLV3*01_NZB,,1,CAACTTGTGCTCACTCAGTCATCTTCAGCCTCTTTCTCCCTGGGAGCCTCAGCAAAACTCACGTGCACCTTGAGTAGTCAGCACAGTACGTACACCATTGAATGGTATCAGCAACAGCCACTCAAGCCTCCTAAGTATGTGATGGAGCTTAAGAAAGATGGAAGCCACAGCACAGGTGATGGGATTCCTGATCGCTTCTCTGGATCCAGCTCTGGTGCTGATCGCTACCTTAGCATTTCCAACATCCAGCCTGAAGATGAAGCAATATACATCTGTGGTGTGGGTGATACAATTAAGGAACAATTTGTGTAAC,CAACTTGTGCTCACTCAGTCATCTTCA...GCCTCTTTCTCCCTGGGAGCCTCAGCAAAACTCACGTGCACCTTGAGTAGTCAGCACAGT...............ACGTACACCATTGAATGGTATCAGCAACAGCCACTCAAGCCTCCTAAGTATGTGATGGAGCTTAAGAAAGAT.........GGAAGCCACAGCACAGGTGATGGGATTCCT...GATCGCTTCTCTGGATCCAGC......TCTGGTGCTGATCGCTACCTTAGCATTTCCAACATCCAGCCTGAAGATGAAGCAATATACATCTGTGGTGTGGGTGATACAATTAAGGAACAATTTGTGTAAC
