Seq_Name,Strain_ID,Segment_Type,Closest_IMGT_Allele,Percent_Identity_to_IMGT,Sequence
IGLV5*01_CAST,CAST/EiJ,IGLV,Musmus IGLV5*01 [F],93.88,ttactcagccaagctctgtgtctacgtctctaggaagcacagccaaactgccttgcaaggccagcactggtaacattggagacagctatgtgaactggtaccagcagtacatgggaagatctcccactaatataatctatggagatgatctccgaccatctggagtttctgataggttctctggctccattgacagctcttccaactcagccttcctgacaatccaaaatgtgcaggctgatgat
IGLV5*01_MSM,MSM/MsJ,IGLV,Musmus IGLV5*01 [F],93.88,ttactcagccaagctctgtgtctacgtctctaggaagcacagccaaactgccttgcaaggccagcactggtaacattggagacagctatgtgaactggtaccagcagtacatgggaagatctcccactaatatgatctatggagatgatctccgaccatctggagtttctgataggttctctggctccattcacagctcttccaactcagccttcctgacaatccaaaatgtgcaggctgatgat
IGLV3*01_PWD,PWD/PhJ,IGLV,Musspr IGLV3*01 F,95.92,caacctgtgctcactcagtcatcttcagcctctttctccctgggagcctcagcaaaactcacatgcaccttgagtagtgagcacagtacgtacatcattgaatggtaccagcaacagccactcaagcctcctaagtatgtgatgcagcttaagaaagatggaagccacagcaagggtgatggaatccctgatcgcttctctggatccagctctggtgctgaccgctaccttaacatctccaacatccagcctgaagatgaagcaatatacatctgtggtgtgagtggaacaattaaggaacaattcgtgtaac
IGLV3*01_CAST,CAST/EiJ,IGLV,Musspr IGLV3*01 F,96.26,caacctgtgctcactcagtcatcttcagcctctttctccctgggagcctcagcaaaactcacatgcaccttgagtagtgagcacagtacgtacatcattgaatggtaccagcaacagccactcaagcctcctaagtatgtgatgcagcttaagaaagatggaagccacagcaagggtgatggaatccctgatcgcttctctggatccagctctggtgctgaccgctaccttagcatctccaacatccagcctgaagatgaagcaatatacatctgtggtgtgagtggaacaattaaggaacaattcgtgtaac
IGLV3*01_LEWES,LEWES/EiJ,IGLV,Musspr IGLV3*01 F,97.28,caacctgtgctcactcagtcatcttcagcctctttctccctgggagcctcagcaaaactcacatgcaccttgagtagtgagcacagtacgtacttcattgaatggtaccagcaacagccactcaagcctcctaagtatgtgatgcagcttaagaaagatggaagccacagcaagggtgatgggatccctgatcgcttctctggatccagctctggtgctgatcgctaccttagcatctccaacatccagcctgaagatgaagcaatatacatctgtggtgtgggtgaaacaattaaggaacgatacgtgtaac
IGLV1*01_CAST_2,CAST/EiJ,IGLV,Musspr IGLV2*01 F,97.57,caggctgttgtgactcaggagtctgttctcaccacatcacctggtggtacagtcataatcacttgtcgctcaagtactggggctgttacaactagtaactatgccatttgggtccaagaaaaagcagatcatttattcgctggtgtaataggtgatacaagcaaccgagctccaggtgttcctgccagattctcaggctccttgattggagacaaggctgccctcaccatcacaggggcacagactgaggatgaggcaatatatttctgtgctctatggtacagcaaccatttc
IGLV1*01_LEWES_2,LEWES/EiJ,IGLV,Musspr IGLV2*01 F,97.92,caggctgttgtgactcaggagtctgtactcaccacatcacctggtggtacagtcataatcacttgtcgctcaagtactggggctgttacaactagtaactatgccatttgggtccaagaaaaagcagatcatttattcgctggtgtaataggtgatacaagcaaccgagctccaggtgttcctgccagattctcaggctccttgattggagacaaggctgccctcaccatcacaggggcacagactgaggatgaggcaatatatttctgtgctctatggtacagcaaccatttc
IGLV1*01_CAST,CAST/EiJ,IGLV,Musmus IGLV1*01 F,97.92,caggctgtcgtgactcaggaatctgcactcaccacatcacctggtgaaacagtcacactcacttgtcgctcaagtactggggctgttacaactagtaactatgccaactgggtccaagaaaaaacagaccatttattcactggtctaataggtggtaccaacaaccgagctccaggtgttcctgtcagattctcaggctccctgattggagacaaggctgccctcaccatcacaggggcacagactgaggatgatgcaatgtatttctgtgctctatggtacagcaaccatttc
IGLV6*01_CAST,CAST/EiJ,IGLV,Musmus IGLV6*01 [F],98.78,ttactcagccaagctctgtgtctacatctctaggaagcacagtcaaactgccttgcaagcgcagcactgataatattggaagctactatgtgcattggtaccagcaacatatgggaagatctcctaccaatatgatccatagtgatgatcagcgaccatctggagtttctgataggttctctggctccattgacagctcttccaactcagccttcctgacaatcaataatgttcaggctgaggat
IGLV6*03_MSM,MSM/MsJ,IGLV,Musmus IGLV6*03 [F],99.59,ttactcagccaagctctgtgtctacatctctaggaagcacagtcaaactgccttgcaagcgcagcactggaaatattggaagctactatgtgcattggtaccagcaacatatgggaagatctcccaccaatatgatccatagtgatgatcagcgaccatctggagtttctgataggttctctggctccattgacagctcttccaactcagccttcctgacaatcaataatgttcaggctgaggat
IGLV2*02_CAST,CAST/EiJ,IGLV,Musmus IGLV2*02 F,99.65,caggctgttgtgactcaggaatctgcactcaccacatcacctggtggaacagtcatactcacttgtcgctcaagtactggggctgttacaactagtaactatgccaactgggtccaagaaaaaccagatcatttattcactggtctaataggtggtaccagcaaccgagctccaggtgttccagtcagattctcaggctccctgattggagacaaggctgccctcaccatcacaggggcacagactgaggatgatgcaatgtatttctgtgctctatggtacagcacccatttc
IGLV1*01_LEWES,LEWES/EiJ,IGLV,Musmus IGLV1*01 F,99.65,caggctgttgtgactcaggaatctgcactcaccacatcacctggtgaaacagtcacactcacttgtcgctcaagtactggggctgttacaactagtaactatgccaactgggtccaagaaaaaccagatcatttattcactggtctaataggtggtaccaacaaccgagctccaggtgttcctgccagattctcaggctccctgattggagacaaggctgccctcaccatcacaggggcacagactgaggatgaagcaatatatttctgtgctctatggtacagcaaccatttc
IGLV2*02_PWD,PWD/PhJ,IGLV,Musmus IGLV2*02 F,99.65,caggctgttgtgactcaggaatctgcactcaccacatcacctggtggaacagtcatactcacttgtcgctcaagtactggggctgttacaactagtaactatgccaactgggtccaagaaaaaccagatcatttattcactggtctaataggtggtaccagcaaccgagctccaggtgttccagtcagattctcaggctccctgattggagacaaggctgccctcaccatcacaggggcacagactgaggatgatgcaatgtatttctgtgctctatggtacagcacccatttc
IGLV3*01_MSM,MSM/MsJ,IGLV,Musmus IGLV3*01 F,99.66,caacttgtgctcactcagtcatcttcagcctctttctccctgggagcctcagcaaaactcacgtgcaccttgagtagtcagcacagtacgtacaccattgaatggtatcagcaacagccactcaagcctcctaagtatgtgatggagcttaagaaagatggaagccacagcacaggtgatgggatccctgatcgcttctctggatccagctctggtgctgatcgctaccttagcatttccaacatccagcctgaagatgaagcaatatacatctgtggtgtgggtgatacaattaaggaacaatttgtgtaac
IGLV3*01_CBA,CBA/J,IGLV,Musmus IGLV3*01 F,100,caacttgtgctcactcagtcatcttcagcctctttctccctgggagcctcagcaaaactcacgtgcaccttgagtagtcagcacagtacgtacaccattgaatggtatcagcaacagccactcaagcctcctaagtatgtgatggagcttaagaaagatggaagccacagcacaggtgatgggattcctgatcgcttctctggatccagctctggtgctgatcgctaccttagcatttccaacatccagcctgaagatgaagcaatatacatctgtggtgtgggtgatacaattaaggaacaatttgtgtaac
IGLV3*01_MRL,MRL/MpJ,IGLV,Musmus IGLV3*01 F,100,caacttgtgctcactcagtcatcttcagcctctttctccctgggagcctcagcaaaactcacgtgcaccttgagtagtcagcacagtacgtacaccattgaatggtatcagcaacagccactcaagcctcctaagtatgtgatggagcttaagaaagatggaagccacagcacaggtgatgggattcctgatcgcttctctggatccagctctggtgctgatcgctaccttagcatttccaacatccagcctgaagatgaagcaatatacatctgtggtgtgggtgatacaattaaggaacaatttgtgtaac
IGLV2*02_SJL,SJL/J,IGLV,Musmus IGLV2*02 F,100,caggctgttgtgactcaggaatctgcactcaccacatcacctggtggaacagtcatactcacttgtcgctcaagtactggggctgttacaactagtaactatgccaactgggtccaagaaaaaccagatcatttattcactggtctaataggtggtaccagcaaccgagctccaggtgttcctgtcagattctcaggctccctgattggagacaaggctgccctcaccatcacaggggcacagactgaggatgatgcaatgtatttctgtgctctatggtacagcacccatttc
IGLV1*01_129S6,129S1/SvlmJ ,IGLV,Musmus IGLV1*01 F,100,caggctgttgtgactcaggaatctgcactcaccacatcacctggtgaaacagtcacactcacttgtcgctcaagtactggggctgttacaactagtaactatgccaactgggtccaagaaaaaccagatcatttattcactggtctaataggtggtaccaacaaccgagctccaggtgttcctgccagattctcaggctccctgattggagacaaggctgccctcaccatcacaggggcacagactgaggatgaggcaatatatttctgtgctctatggtacagcaaccatttc
IGLV2*02_129S6,129S1/SvlmJ ,IGLV,Musmus IGLV2*02 F,100,caggctgttgtgactcaggaatctgcactcaccacatcacctggtggaacagtcatactcacttgtcgctcaagtactggggctgttacaactagtaactatgccaactgggtccaagaaaaaccagatcatttattcactggtctaataggtggtaccagcaaccgagctccaggtgttcctgtcagattctcaggctccctgattggagacaaggctgccctcaccatcacaggggcacagactgaggatgatgcaatgtatttctgtgctctatggtacagcacccatttc
IGLV3*01_129S6,129S1/SvlmJ ,IGLV,Musmus IGLV3*01 F,100,caacttgtgctcactcagtcatcttcagcctctttctccctgggagcctcagcaaaactcacgtgcaccttgagtagtcagcacagtacgtacaccattgaatggtatcagcaacagccactcaagcctcctaagtatgtgatggagcttaagaaagatggaagccacagcacaggtgatgggattcctgatcgcttctctggatccagctctggtgctgatcgctaccttagcatttccaacatccagcctgaagatgaagcaatatacatctgtggtgtgggtgatacaattaaggaacaatttgtgtaac
IGLV1*01_AJ,A/J,IGLV,Musmus IGLV1*01 F,100,caggctgttgtgactcaggaatctgcactcaccacatcacctggtgaaacagtcacactcacttgtcgctcaagtactggggctgttacaactagtaactatgccaactgggtccaagaaaaaccagatcatttattcactggtctaataggtggtaccaacaaccgagctccaggtgttcctgccagattctcaggctccctgattggagacaaggctgccctcaccatcacaggggcacagactgaggatgaggcaatatatttctgtgctctatggtacagcaaccatttc
IGLV2*02_AJ,A/J,IGLV,Musmus IGLV2*02 F,100,caggctgttgtgactcaggaatctgcactcaccacatcacctggtggaacagtcatactcacttgtcgctcaagtactggggctgttacaactagtaactatgccaactgggtccaagaaaaaccagatcatttattcactggtctaataggtggtaccagcaaccgagctccaggtgttcctgtcagattctcaggctccctgattggagacaaggctgccctcaccatcacaggggcacagactgaggatgatgcaatgtatttctgtgctctatggtacagcacccatttc
IGLV3*01_AJ,A/J,IGLV,Musmus IGLV3*01 F,100,caacttgtgctcactcagtcatcttcagcctctttctccctgggagcctcagcaaaactcacgtgcaccttgagtagtcagcacagtacgtacaccattgaatggtatcagcaacagccactcaagcctcctaagtatgtgatggagcttaagaaagatggaagccacagcacaggtgatgggattcctgatcgcttctctggatccagctctggtgctgatcgctaccttagcatttccaacatccagcctgaagatgaagcaatatacatctgtggtgtgggtgatacaattaaggaacaatttgtgtaac
IGLV1*01_AKR,AKR/J,IGLV,Musmus IGLV1*01 F,100,caggctgttgtgactcaggaatctgcactcaccacatcacctggtgaaacagtcacactcacttgtcgctcaagtactggggctgttacaactagtaactatgccaactgggtccaagaaaaaccagatcatttattcactggtctaataggtggtaccaacaaccgagctccaggtgttcctgccagattctcaggctccctgattggagacaaggctgccctcaccatcacaggggcacagactgaggatgaggcaatatatttctgtgctctatggtacagcaaccatttc
IGLV2*02_AKR,AKR/J,IGLV,Musmus IGLV2*02 F,100,caggctgttgtgactcaggaatctgcactcaccacatcacctggtggaacagtcatactcacttgtcgctcaagtactggggctgttacaactagtaactatgccaactgggtccaagaaaaaccagatcatttattcactggtctaataggtggtaccagcaaccgagctccaggtgttcctgtcagattctcaggctccctgattggagacaaggctgccctcaccatcacaggggcacagactgaggatgatgcaatgtatttctgtgctctatggtacagcacccatttc
IGLV3*01_AKR,AKR/J,IGLV,Musmus IGLV3*01 F,100,caacttgtgctcactcagtcatcttcagcctctttctccctgggagcctcagcaaaactcacgtgcaccttgagtagtcagcacagtacgtacaccattgaatggtatcagcaacagccactcaagcctcctaagtatgtgatggagcttaagaaagatggaagccacagcacaggtgatgggattcctgatcgcttctctggatccagctctggtgctgatcgctaccttagcatttccaacatccagcctgaagatgaagcaatatacatctgtggtgtgggtgatacaattaaggaacaatttgtgtaac
IGLV1*01_B6,C57BL/6J,IGLV,Musmus IGLV1*01 F,100,caggctgttgtgactcaggaatctgcactcaccacatcacctggtgaaacagtcacactcacttgtcgctcaagtactggggctgttacaactagtaactatgccaactgggtccaagaaaaaccagatcatttattcactggtctaataggtggtaccaacaaccgagctccaggtgttcctgccagattctcaggctccctgattggagacaaggctgccctcaccatcacaggggcacagactgaggatgaggcaatatatttctgtgctctatggtacagcaaccatttc
IGLV2*02_B6,C57BL/6J,IGLV,Musmus IGLV2*02 F,100,caggctgttgtgactcaggaatctgcactcaccacatcacctggtggaacagtcatactcacttgtcgctcaagtactggggctgttacaactagtaactatgccaactgggtccaagaaaaaccagatcatttattcactggtctaataggtggtaccagcaaccgagctccaggtgttcctgtcagattctcaggctccctgattggagacaaggctgccctcaccatcacaggggcacagactgaggatgatgcaatgtatttctgtgctctatggtacagcacccatttc
IGLV3*01_B6,C57BL/6J,IGLV,Musmus IGLV3*01 F,100,caacttgtgctcactcagtcatcttcagcctctttctccctgggagcctcagcaaaactcacgtgcaccttgagtagtcagcacagtacgtacaccattgaatggtatcagcaacagccactcaagcctcctaagtatgtgatggagcttaagaaagatggaagccacagcacaggtgatgggattcctgatcgcttctctggatccagctctggtgctgatcgctaccttagcatttccaacatccagcctgaagatgaagcaatatacatctgtggtgtgggtgatacaattaaggaacaatttgtgtaac
IGLV1*01_BALB,BALB/cByJ,IGLV,Musmus IGLV1*01 F,100,caggctgttgtgactcaggaatctgcactcaccacatcacctggtgaaacagtcacactcacttgtcgctcaagtactggggctgttacaactagtaactatgccaactgggtccaagaaaaaccagatcatttattcactggtctaataggtggtaccaacaaccgagctccaggtgttcctgccagattctcaggctccctgattggagacaaggctgccctcaccatcacaggggcacagactgaggatgaggcaatatatttctgtgctctatggtacagcaaccatttc
IGLV2*02_BALB,BALB/cByJ,IGLV,Musmus IGLV2*02 F,100,caggctgttgtgactcaggaatctgcactcaccacatcacctggtggaacagtcatactcacttgtcgctcaagtactggggctgttacaactagtaactatgccaactgggtccaagaaaaaccagatcatttattcactggtctaataggtggtaccagcaaccgagctccaggtgttcctgtcagattctcaggctccctgattggagacaaggctgccctcaccatcacaggggcacagactgaggatgatgcaatgtatttctgtgctctatggtacagcacccatttc
IGLV3*01_BALB,BALB/cByJ,IGLV,Musmus IGLV3*01 F,100,caacttgtgctcactcagtcatcttcagcctctttctccctgggagcctcagcaaaactcacgtgcaccttgagtagtcagcacagtacgtacaccattgaatggtatcagcaacagccactcaagcctcctaagtatgtgatggagcttaagaaagatggaagccacagcacaggtgatgggattcctgatcgcttctctggatccagctctggtgctgatcgctaccttagcatttccaacatccagcctgaagatgaagcaatatacatctgtggtgtgggtgatacaattaaggaacaatttgtgtaac
IGLV1*01_C3H,C3H/HeJ,IGLV,Musmus IGLV1*01 F,100,caggctgttgtgactcaggaatctgcactcaccacatcacctggtgaaacagtcacactcacttgtcgctcaagtactggggctgttacaactagtaactatgccaactgggtccaagaaaaaccagatcatttattcactggtctaataggtggtaccaacaaccgagctccaggtgttcctgccagattctcaggctccctgattggagacaaggctgccctcaccatcacaggggcacagactgaggatgaggcaatatatttctgtgctctatggtacagcaaccatttc
IGLV2*02_C3H,C3H/HeJ,IGLV,Musmus IGLV2*02 F,100,caggctgttgtgactcaggaatctgcactcaccacatcacctggtggaacagtcatactcacttgtcgctcaagtactggggctgttacaactagtaactatgccaactgggtccaagaaaaaccagatcatttattcactggtctaataggtggtaccagcaaccgagctccaggtgttcctgtcagattctcaggctccctgattggagacaaggctgccctcaccatcacaggggcacagactgaggatgatgcaatgtatttctgtgctctatggtacagcacccatttc
IGLV3*01_C3H,C3H/HeJ,IGLV,Musmus IGLV3*01 F,100,caacttgtgctcactcagtcatcttcagcctctttctccctgggagcctcagcaaaactcacgtgcaccttgagtagtcagcacagtacgtacaccattgaatggtatcagcaacagccactcaagcctcctaagtatgtgatggagcttaagaaagatggaagccacagcacaggtgatgggattcctgatcgcttctctggatccagctctggtgctgatcgctaccttagcatttccaacatccagcctgaagatgaagcaatatacatctgtggtgtgggtgatacaattaaggaacaatttgtgtaac
IGLV4*01_CAST,CAST/EiJ,IGLV,Musmus IGLV4*01 [F],100,ttactcagccaagctctgtgtctacgtctctaggaagcacagtcaaactgtcttgcaagcgcagcactggtaacattggaaacaactatgtgcactggtaccagcagtacatgggaagatctcccaccaatatgatctatgatgataataagcgaccatctggagtttctgataggttctctggctccattgacagctcttccaactcagccttcctgacaatcaataatgtgcaggctgaggat
IGLV8*01_CAST,CAST/EiJ,IGLV,Musmus IGLV8*01 [F],100,ttactcagccaagctctgtgtctacgtctctaggaagcacagtcaaactgccttgcaagcgcagcactggtaacattggaaacgactatgtgcactggtaccagcaacacatgggaagatctcccaccaatatgatctatagagatgatcagcgaccatctggagtttctgataggttctctggctccattgacagctcttccaactcagccttcctgacaatcaataatgtgcaggctgaggat
IGLV7*01_CAST,CAST/EiJ,IGLV,Musmus IGLV7*01 [F],100,ttactcagccaagctctgtgtctacgtctctaggaagcacagtcaaactgtcttgcaagcccagcactggtaaaattggaaattactttatgagctggtaccagcaacacatgggaagatctcccacaaatatgatctatagagatgatctccgaccatctggagtttctgataggttctctggctccattgacagctcttccaactcagccttcctgacaatcaataatgtgcaggctgaggat
IGLV1*01_CBA,CBA/J,IGLV,Musmus IGLV1*01 F,100,caggctgttgtgactcaggaatctgcactcaccacatcacctggtgaaacagtcacactcacttgtcgctcaagtactggggctgttacaactagtaactatgccaactgggtccaagaaaaaccagatcatttattcactggtctaataggtggtaccaacaaccgagctccaggtgttcctgccagattctcaggctccctgattggagacaaggctgccctcaccatcacaggggcacagactgaggatgaggcaatatatttctgtgctctatggtacagcaaccatttc
IGLV2*02_CBA,CBA/J,IGLV,Musmus IGLV2*02 F,100,caggctgttgtgactcaggaatctgcactcaccacatcacctggtggaacagtcatactcacttgtcgctcaagtactggggctgttacaactagtaactatgccaactgggtccaagaaaaaccagatcatttattcactggtctaataggtggtaccagcaaccgagctccaggtgttcctgtcagattctcaggctccctgattggagacaaggctgccctcaccatcacaggggcacagactgaggatgatgcaatgtatttctgtgctctatggtacagcacccatttc
IGLV1*01_DBA1,DBA/1J,IGLV,Musmus IGLV1*01 F,100,caggctgttgtgactcaggaatctgcactcaccacatcacctggtgaaacagtcacactcacttgtcgctcaagtactggggctgttacaactagtaactatgccaactgggtccaagaaaaaccagatcatttattcactggtctaataggtggtaccaacaaccgagctccaggtgttcctgccagattctcaggctccctgattggagacaaggctgccctcaccatcacaggggcacagactgaggatgaggcaatatatttctgtgctctatggtacagcaaccatttc
IGLV2*02_DBA1,DBA/1J,IGLV,Musmus IGLV2*02 F,100,caggctgttgtgactcaggaatctgcactcaccacatcacctggtggaacagtcatactcacttgtcgctcaagtactggggctgttacaactagtaactatgccaactgggtccaagaaaaaccagatcatttattcactggtctaataggtggtaccagcaaccgagctccaggtgttcctgtcagattctcaggctccctgattggagacaaggctgccctcaccatcacaggggcacagactgaggatgatgcaatgtatttctgtgctctatggtacagcacccatttc
IGLV3*01_DBA1,DBA/1J,IGLV,Musmus IGLV3*01 F,100,caacttgtgctcactcagtcatcttcagcctctttctccctgggagcctcagcaaaactcacgtgcaccttgagtagtcagcacagtacgtacaccattgaatggtatcagcaacagccactcaagcctcctaagtatgtgatggagcttaagaaagatggaagccacagcacaggtgatgggattcctgatcgcttctctggatccagctctggtgctgatcgctaccttagcatttccaacatccagcctgaagatgaagcaatatacatctgtggtgtgggtgatacaattaaggaacaatttgtgtaac
IGLV1*01_DBA2,DBA/2J,IGLV,Musmus IGLV1*01 F,100,caggctgttgtgactcaggaatctgcactcaccacatcacctggtgaaacagtcacactcacttgtcgctcaagtactggggctgttacaactagtaactatgccaactgggtccaagaaaaaccagatcatttattcactggtctaataggtggtaccaacaaccgagctccaggtgttcctgccagattctcaggctccctgattggagacaaggctgccctcaccatcacaggggcacagactgaggatgaggcaatatatttctgtgctctatggtacagcaaccatttc
IGLV2*02_DBA2,DBA/2J,IGLV,Musmus IGLV2*02 F,100,caggctgttgtgactcaggaatctgcactcaccacatcacctggtggaacagtcatactcacttgtcgctcaagtactggggctgttacaactagtaactatgccaactgggtccaagaaaaaccagatcatttattcactggtctaataggtggtaccagcaaccgagctccaggtgttcctgtcagattctcaggctccctgattggagacaaggctgccctcaccatcacaggggcacagactgaggatgatgcaatgtatttctgtgctctatggtacagcacccatttc
IGLV3*01_DBA2,DBA/2J,IGLV,Musmus IGLV3*01 F,100,caacttgtgctcactcagtcatcttcagcctctttctccctgggagcctcagcaaaactcacgtgcaccttgagtagtcagcacagtacgtacaccattgaatggtatcagcaacagccactcaagcctcctaagtatgtgatggagcttaagaaagatggaagccacagcacaggtgatgggattcctgatcgcttctctggatccagctctggtgctgatcgctaccttagcatttccaacatccagcctgaagatgaagcaatatacatctgtggtgtgggtgatacaattaaggaacaatttgtgtaac
IGLV2*02_LEWES,LEWES/EiJ,IGLV,Musmus IGLV2*02 F,100,caggctgttgtgactcaggaatctgcactcaccacatcacctggtggaacagtcatactcacttgtcgctcaagtactggggctgttacaactagtaactatgccaactgggtccaagaaaaaccagatcatttattcactggtctaataggtggtaccagcaaccgagctccaggtgttcctgtcagattctcaggctccctgattggagacaaggctgccctcaccatcacaggggcacagactgaggatgatgcaatgtatttctgtgctctatggtacagcacccatttc
IGLV1*01_MRL,MRL/MpJ,IGLV,Musmus IGLV1*01 F,100,caggctgttgtgactcaggaatctgcactcaccacatcacctggtgaaacagtcacactcacttgtcgctcaagtactggggctgttacaactagtaactatgccaactgggtccaagaaaaaccagatcatttattcactggtctaataggtggtaccaacaaccgagctccaggtgttcctgccagattctcaggctccctgattggagacaaggctgccctcaccatcacaggggcacagactgaggatgaggcaatatatttctgtgctctatggtacagcaaccatttc
IGLV2*02_MRL,MRL/MpJ,IGLV,Musmus IGLV2*02 F,100,caggctgttgtgactcaggaatctgcactcaccacatcacctggtggaacagtcatactcacttgtcgctcaagtactggggctgttacaactagtaactatgccaactgggtccaagaaaaaccagatcatttattcactggtctaataggtggtaccagcaaccgagctccaggtgttcctgtcagattctcaggctccctgattggagacaaggctgccctcaccatcacaggggcacagactgaggatgatgcaatgtatttctgtgctctatggtacagcacccatttc
IGLV2*02_MSM,MSM/MsJ,IGLV,Musmus IGLV2*02 F,100,caggctgttgtgactcaggaatctgcactcaccacatcacctggtggaacagtcatactcacttgtcgctcaagtactggggctgttacaactagtaactatgccaactgggtccaagaaaaaccagatcatttattcactggtctaataggtggtaccagcaaccgagctccaggtgttcctgtcagattctcaggctccctgattggagacaaggctgccctcaccatcacaggggcacagactgaggatgatgcaatgtatttctgtgctctatggtacagcacccatttc
IGLV1*01_MSM,MSM/MsJ,IGLV,Musmus IGLV1*01 F,100,caggctgttgtgactcaggaatctgcactcaccacatcacctggtgaaacagtcacactcacttgtcgctcaagtactggggctgttacaactagtaactatgccaactgggtccaagaaaaaccagatcatttattcactggtctaataggtggtaccaacaaccgagctccaggtgttcctgccagattctcaggctccctgattggagacaaggctgccctcaccatcacaggggcacagactgaggatgaggcaatatatttctgtgctctatggtacagcaaccatttc
IGLV1*01_NOD,NOD/ShiLtJ,IGLV,Musmus IGLV1*01 F,100,caggctgttgtgactcaggaatctgcactcaccacatcacctggtgaaacagtcacactcacttgtcgctcaagtactggggctgttacaactagtaactatgccaactgggtccaagaaaaaccagatcatttattcactggtctaataggtggtaccaacaaccgagctccaggtgttcctgccagattctcaggctccctgattggagacaaggctgccctcaccatcacaggggcacagactgaggatgaggcaatatatttctgtgctctatggtacagcaaccatttc
IGLV2*02_NOD,NOD/ShiLtJ,IGLV,Musmus IGLV2*02 F,100,caggctgttgtgactcaggaatctgcactcaccacatcacctggtggaacagtcatactcacttgtcgctcaagtactggggctgttacaactagtaactatgccaactgggtccaagaaaaaccagatcatttattcactggtctaataggtggtaccagcaaccgagctccaggtgttcctgtcagattctcaggctccctgattggagacaaggctgccctcaccatcacaggggcacagactgaggatgatgcaatgtatttctgtgctctatggtacagcacccatttc
IGLV3*01_NOD,NOD/ShiLtJ,IGLV,Musmus IGLV3*01 F,100,caacttgtgctcactcagtcatcttcagcctctttctccctgggagcctcagcaaaactcacgtgcaccttgagtagtcagcacagtacgtacaccattgaatggtatcagcaacagccactcaagcctcctaagtatgtgatggagcttaagaaagatggaagccacagcacaggtgatgggattcctgatcgcttctctggatccagctctggtgctgatcgctaccttagcatttccaacatccagcctgaagatgaagcaatatacatctgtggtgtgggtgatacaattaaggaacaatttgtgtaac
IGLV1*01_NOR,NOR/LtJ,IGLV,Musmus IGLV1*01 F,100,caggctgttgtgactcaggaatctgcactcaccacatcacctggtgaaacagtcacactcacttgtcgctcaagtactggggctgttacaactagtaactatgccaactgggtccaagaaaaaccagatcatttattcactggtctaataggtggtaccaacaaccgagctccaggtgttcctgccagattctcaggctccctgattggagacaaggctgccctcaccatcacaggggcacagactgaggatgaggcaatatatttctgtgctctatggtacagcaaccatttc
IGLV2*02_NOR,NOR/LtJ,IGLV,Musmus IGLV2*02 F,100,caggctgttgtgactcaggaatctgcactcaccacatcacctggtggaacagtcatactcacttgtcgctcaagtactggggctgttacaactagtaactatgccaactgggtccaagaaaaaccagatcatttattcactggtctaataggtggtaccagcaaccgagctccaggtgttcctgtcagattctcaggctccctgattggagacaaggctgccctcaccatcacaggggcacagactgaggatgatgcaatgtatttctgtgctctatggtacagcacccatttc
IGLV3*01_NOR,NOR/LtJ,IGLV,Musmus IGLV3*01 F,100,caacttgtgctcactcagtcatcttcagcctctttctccctgggagcctcagcaaaactcacgtgcaccttgagtagtcagcacagtacgtacaccattgaatggtatcagcaacagccactcaagcctcctaagtatgtgatggagcttaagaaagatggaagccacagcacaggtgatgggattcctgatcgcttctctggatccagctctggtgctgatcgctaccttagcatttccaacatccagcctgaagatgaagcaatatacatctgtggtgtgggtgatacaattaaggaacaatttgtgtaac
IGLV1*01_NZB,NZB/BlNJ ,IGLV,Musmus IGLV1*01 F,100,caggctgttgtgactcaggaatctgcactcaccacatcacctggtgaaacagtcacactcacttgtcgctcaagtactggggctgttacaactagtaactatgccaactgggtccaagaaaaaccagatcatttattcactggtctaataggtggtaccaacaaccgagctccaggtgttcctgccagattctcaggctccctgattggagacaaggctgccctcaccatcacaggggcacagactgaggatgaggcaatatatttctgtgctctatggtacagcaaccatttc
IGLV2*02_NZB,NZB/BlNJ ,IGLV,Musmus IGLV2*02 F,100,caggctgttgtgactcaggaatctgcactcaccacatcacctggtggaacagtcatactcacttgtcgctcaagtactggggctgttacaactagtaactatgccaactgggtccaagaaaaaccagatcatttattcactggtctaataggtggtaccagcaaccgagctccaggtgttcctgtcagattctcaggctccctgattggagacaaggctgccctcaccatcacaggggcacagactgaggatgatgcaatgtatttctgtgctctatggtacagcacccatttc
IGLV3*01_NZB,NZB/BlNJ ,IGLV,Musmus IGLV3*01 F,100,caacttgtgctcactcagtcatcttcagcctctttctccctgggagcctcagcaaaactcacgtgcaccttgagtagtcagcacagtacgtacaccattgaatggtatcagcaacagccactcaagcctcctaagtatgtgatggagcttaagaaagatggaagccacagcacaggtgatgggattcctgatcgcttctctggatccagctctggtgctgatcgctaccttagcatttccaacatccagcctgaagatgaagcaatatacatctgtggtgtgggtgatacaattaaggaacaatttgtgtaac
IGLV1*01_PWD,PWD/PhJ,IGLV,Musmus IGLV1*01 F,100,caggctgttgtgactcaggaatctgcactcaccacatcacctggtgaaacagtcacactcacttgtcgctcaagtactggggctgttacaactagtaactatgccaactgggtccaagaaaaaccagatcatttattcactggtctaataggtggtaccaacaaccgagctccaggtgttcctgccagattctcaggctccctgattggagacaaggctgccctcaccatcacaggggcacagactgaggatgaggcaatatatttctgtgctctatggtacagcaaccatttc
IGLV1*01_SJL,SJL/J,IGLV,Musmus IGLV1*01 F,100,caggctgttgtgactcaggaatctgcactcaccacatcacctggtgaaacagtcacactcacttgtcgctcaagtactggggctgttacaactagtaactatgccaactgggtccaagaaaaaccagatcatttattcactggtctaataggtggtaccaacaaccgagctccaggtgttcctgccagattctcaggctccctgattggagacaaggctgccctcaccatcacaggggcacagactgaggatgaggcaatatatttctgtgctctatggtacagcaaccatttc
IGLV3*01_SJL,SJL/J,IGLV,Musmus IGLV3*01 F,100,caacttgtgctcactcagtcatcttcagcctctttctccctgggagcctcagcaaaactcacgtgcaccttgagtagtcagcacagtacgtacaccattgaatggtatcagcaacagccactcaagcctcctaagtatgtgatggagcttaagaaagatggaagccacagcacaggtgatgggattcctgatcgcttctctggatccagctctggtgctgatcgctaccttagcatttccaacatccagcctgaagatgaagcaatatacatctgtggtgtgggtgatacaattaaggaacaatttgtgtaac