gene_label,type,functionality,inference_type,species_subgroup,subgroup_type,collins_et_al_2015,imgt,alt_names,notes,affirmation,sequence,sequence_gapped,j_codon_frame,j_cdr3_end
IGHD-OWOX,IGHD,F,Rearranged,BALB/c,strain,IGHD1-1*01,IGHD1-1*01|Mus_musculus_BALB/c,collins_et_al_2015:IGHD1-1*01,,1,TTTATTACTACGGTAGTAGCTAC,TTTATTACTACGGTAGTAGCTAC,,
IGHD-QORP,IGHD,F,Rearranged,BALB/c,strain,IGHD1-2*01,IGHD1-2*01|Mus_musculus_BALB/c,collins_et_al_2015:IGHD1-2*01,,1,TTCATTACTACGGCTAC,TTCATTACTACGGCTAC,,
IGHD-EVA3,IGHD,F,Rearranged,BALB/c,strain,"IGHD2-1*01,IGHD2-8*01","IGHD2-1*01|Mus_musculus_129/Sv,IGHD2-8*01|Mus_musculus_BALB/c","collins_et_al_2015:IGHD2-1*01,collins_et_al_2015:IGHD2-8*01",,1,TCTACTATGGTAACTAC,TCTACTATGGTAACTAC,,
IGHD-N42X,IGHD,F,Rearranged,BALB/c,strain,"IGHD2-2*01,IGHD2-7*01","IGHD2-2*01|Mus_musculus_BALB/c,IGHD2-7*01|Mus_musculus_BALB/c","collins_et_al_2015:IGHD2-2*01,collins_et_al_2015:IGHD2-7*01",,1,TCTACTATGGTTACGAC,TCTACTATGGTTACGAC,,
IGHD-VVIM,IGHD,F,Rearranged,BALB/c,strain,IGHD2-3*01,IGHD2-3*01|Mus_musculus_BALB/c,collins_et_al_2015:IGHD2-3*01,,1,TCTATGATGGTTACTAC,TCTATGATGGTTACTAC,,
IGHD-AHWW,IGHD,F,Rearranged,BALB/c,strain,IGHD2-4*01,"IGHD2-4*01|Mus_musculus_BALB/c,IGHD2-9*02|Mus_musculus_129/Sv",collins_et_al_2015:IGHD2-4*01,,1,TCTACTATGATTACGAC,TCTACTATGATTACGAC,,
IGHD-PF6D,IGHD,F,Rearranged,BALB/c,strain,IGHD2-14*01,IGHD2-14*01|Mus_musculus_129/Sv,collins_et_al_2015:IGHD2-14*01,,1,CCTACTATAGGTACGAC,CCTACTATAGGTACGAC,,
IGHD-XUKM,IGHD,F,Rearranged,BALB/c,strain,IGHD3-2*01,IGHD3-2*01|Mus_musculus_BALB/c,collins_et_al_2015:IGHD3-2*01,,1,AGACAGCTCGGGCTAC,AGACAGCTCGGGCTAC,,
IGHD-HNPT,IGHD,F,Rearranged,BALB/c,strain,IGHD4-1*01,IGHD4-1*01|Mus_musculus_BALB/c,collins_et_al_2015:IGHD4-1*01,,1,CTAACTGGGAC,CTAACTGGGAC,,
IGHJ-G76U,IGHJ,F,Rearranged,BALB/c,strain,IGHJ1*01,IGHJ1*01|Mus_musculus_BALB/c,collins_et_al_2015:IGHJ1*01,,1,CTACTGGTACTTCGATGTCTGGGGCGCAGGGACCACGGTCACCGTCTCCTCAG,CTACTGGTACTTCGATGTCTGGGGCGCAGGGACCACGGTCACCGTCTCCTCAG,2,20
IGHJ-ICAF,IGHJ,F,Rearranged,BALB/c,strain,IGHJ2*01,IGHJ2*01|Mus_musculus,collins_et_al_2015:IGHJ2*01,,1,ACTACTTTGACTACTGGGGCCAAGGCACCACTCTCACAGTCTCCTCAG,ACTACTTTGACTACTGGGGCCAAGGCACCACTCTCACAGTCTCCTCAG,3,15
IGHJ-OMJ3,IGHJ,F,Rearranged,BALB/c,strain,IGHJ3*01,IGHJ3*01|Mus_musculus,collins_et_al_2015:IGHJ3*01,,1,CCTGGTTTGCTTACTGGGGCCAAGGGACTCTGGTCACTGTCTCTGCAG,CCTGGTTTGCTTACTGGGGCCAAGGGACTCTGGTCACTGTCTCTGCAG,3,15
IGHJ-SCNX,IGHJ,F,Rearranged,BALB/c,strain,IGHJ4*01,IGHJ4*01|Mus_musculus,collins_et_al_2015:IGHJ4*01,,1,ATTACTATGCTATGGACTACTGGGGTCAAGGAACCTCAGTCACCGTCTCCTCAG,ATTACTATGCTATGGACTACTGGGGTCAAGGAACCTCAGTCACCGTCTCCTCAG,3,21
IGHD-XMSU,IGHD,F,Rearranged,BALB/c,strain,IGHD2-10*01,"IGHD2-10*01|Mus_musculus_BALB/c,IGHD2-11*02|Mus_musculus_129/Sv",collins_et_al_2015:IGHD2-10*01,,1,CCTACTATGGTAACTAC,CCTACTATGGTAACTAC,,
