name,nt_sequence,j_codon_frame,j_cdr3_end
IGKJ1*01,GTGGACGTTCGGTGGAGGCACCAAGCTGGAAATCAAAC,2,8
IGKJ1*02,CCGACGTTCGGTGGAGGCACCAAGCTGGAAATCAATC,1,7
IGKJ2*01,TGTACACGTTCGGAGGGGGGACCAAGCTGGAAATAAAAC,3,9
IGKJ2*02,TGTATACGTTCGGATCGGGGACCAAGCTGGAAATGAAAC,3,9
IGKJ2*03,TGTATACGTTCGGATCGGGGACCAAGCTGGAAATAAAAC,3,9
IGKJ4*01,ATTCACGTTCGGCTCGGGGACAAAGTTGGAAATAAAAC,2,8
IGKJ4*02,ATTCACGTTCGGCACGGGGACAAAATTGGAAATAAAAC,2,8
IGKJ5*01,GCTCACGTTCGGTGCTGGGACCAAGCTGGAGCTGAAAC,2,8
IGKJ4*02_5,ATTCACGTTCGGCACGGGGACAAAAGTGGAAATAAAAC,2,8
IGKJ2*03_15,TGTACACGTTCGGATCGGGGACCAAGCTGGAAATAAAAC,3,9
