gene_label,type,functionality,inference_type,species_subgroup,subgroup_type,imgt,alt_names,notes,affirmation,sequence,sequence_gapped,j_codon_frame,j_cdr3_end
IGKJ-4JXG,IGKJ,F,Rearranged,,,IGKJ1*01,Kos et al: IGKJ1*01,,1,GTGGACGTTCGGTGGAGGCACCAAGCTGGAAATCAAAC,GTGGACGTTCGGTGGAGGCACCAAGCTGGAAATCAAAC,2,8
IGKJ-WRAP,IGKJ,F,Rearranged,,,IGKJ1*02,Kos et al: IGKJ1*02,,1,CCGACGTTCGGTGGAGGCACCAAGCTGGAAATCAATC,CCGACGTTCGGTGGAGGCACCAAGCTGGAAATCAATC,1,7
IGKJ-MXRV,IGKJ,F,Rearranged,,,IGKJ2*01,Kos et al: IGKJ2*01,,1,TGTACACGTTCGGAGGGGGGACCAAGCTGGAAATAAAAC,TGTACACGTTCGGAGGGGGGACCAAGCTGGAAATAAAAC,3,9
IGKJ-AR7L,IGKJ,F,Rearranged,,,IGKJ2*02,Kos et al: IGKJ2*02,,1,TGTATACGTTCGGATCGGGGACCAAGCTGGAAATGAAAC,TGTATACGTTCGGATCGGGGACCAAGCTGGAAATGAAAC,3,9
IGKJ-HVOR,IGKJ,F,Rearranged,,,IGKJ2*03,Kos et al: IGKJ2*03,,1,TGTATACGTTCGGATCGGGGACCAAGCTGGAAATAAAAC,TGTATACGTTCGGATCGGGGACCAAGCTGGAAATAAAAC,3,9
IGKJ-IIHF,IGKJ,F,Rearranged,,,IGKJ3*01,Kos et al: IGKJ3*01,,1,AATCACATTCAGTGATGGGACCAGACTGGAAATAAAAC,AATCACATTCAGTGATGGGACCAGACTGGAAATAAAAC,2,8
IGKJ-5NUZ,IGKJ,F,Rearranged,,,IGKJ3*02,Kos et al: IGKJ3*02,,1,AACCACATTCAGTGATGGGACCAGACTGGAAATAAAAC,AACCACATTCAGTGATGGGACCAGACTGGAAATAAAAC,2,8
IGKJ-Z5J4,IGKJ,F,Rearranged,,,IGKJ4*01,Kos et al: IGKJ4*01,,1,ATTCACGTTCGGCTCGGGGACAAAGTTGGAAATAAAAC,ATTCACGTTCGGCTCGGGGACAAAGTTGGAAATAAAAC,2,8
IGKJ-LUDL,IGKJ,F,Rearranged,,,IGKJ4*02,Kos et al: IGKJ4*02,,1,ATTCACGTTCGGCACGGGGACAAAATTGGAAATAAAAC,ATTCACGTTCGGCACGGGGACAAAATTGGAAATAAAAC,2,8
IGKJ-O4CL,IGKJ,F,Rearranged,,,IGKJ5*01,Kos et al: IGKJ5*01,,1,GCTCACGTTCGGTGCTGGGACCAAGCTGGAGCTGAAAC,GCTCACGTTCGGTGCTGGGACCAAGCTGGAGCTGAAAC,2,8
IGKJ-ABRI,IGKJ,F,Rearranged,,,,Kos et al: IGKJ2*03_15,,1,TGTACACGTTCGGATCGGGGACCAAGCTGGAAATAAAAC,TGTACACGTTCGGATCGGGGACCAAGCTGGAAATAAAAC,3,9
